TagCode,wells_detected,entiat_detected,upstream_detected,last_overall,last_upstream,last_detected_upstream,ReturnYear,rrf_anchor,group,ReturnMonth,ReturnSeason,wells_interaction,EntiatDetected,Harvest_Status,harvest_open,enl_q,met_q,oka_q,return_date,return_doy,return_year,year_c_enl,year_c_lmr,year_c_okl,p_enl,p_lmr,p_okl
384.3B239875C6,TRUE,TRUE,FALSE,2018-05-07T14:21:00Z,NA,FALSE,2017,2017-10-03T08:07:00Z,B,10,Fall,1,1,Closed,0,160,500,NA,2010-03-20,79,2010,3,1,-3,0.9880314569933488,0.7935537854836177,NA
384.3B23987601,FALSE,TRUE,FALSE,2017-05-16T11:23:00Z,NA,FALSE,2016,2016-10-03T16:46:00Z,A,10,Fall,0,1,Closed,0,160,500,NA,2010-03-20,79,2010,3,1,-3,0.8226916973100621,0.9113585084877636,NA
384.3B2399200D,FALSE,TRUE,FALSE,2016-04-07T18:09:00Z,NA,FALSE,2015,2015-09-25T07:41:00Z,A,9,Fall,0,1,Open,1,78.8,240,237,2015-09-25,268,2015,8,6,2,0.7795432890679092,0.99190223364457,0.9971212123620328
384.3B23995DC4,TRUE,TRUE,FALSE,2017-05-02T21:32:00Z,NA,FALSE,2016,2016-08-03T13:37:00Z,B,8,Fall,1,1,Closed,0,184,NA,NA,2008-03-20,80,2008,1,-1,-5,0.846261548614653,NA,NA
384.3B23AC32E5,FALSE,TRUE,FALSE,2017-04-05T22:03:00Z,NA,FALSE,2016,2016-10-01T10:51:00Z,A,10,Fall,0,1,Closed,0,119,396,NA,2010-01-20,20,2010,3,1,-3,0.9736111042804864,0.9718290786202692,NA
384.3B23AC6042,TRUE,TRUE,FALSE,2016-03-31T06:03:00Z,NA,FALSE,2015,2015-08-25T09:44:00Z,B,8,Fall,1,1,Open,1,85.1,238,225,2015-08-25,237,2015,8,6,2,0.8941136564979997,0.9464118774744478,0.9293024172843156
384.3B23AC6E25,TRUE,TRUE,TRUE,2016-05-02T11:56:00Z,2015-09-14T15:48:00Z,FALSE,2015,2015-09-05T14:07:00Z,B,9,Fall,1,1,Open,1,1520,5010,NA,2009-05-20,140,2009,2,0,-4,0.8745579574258405,0.4636693172048722,NA
384.3B23AC8F6F,TRUE,FALSE,FALSE,2016-08-21T10:21:00Z,NA,FALSE,2016,2016-08-07T08:38:00Z,B,8,Fall,1,0,Closed,0,377,NA,NA,2008-07-20,202,2008,1,-1,-5,0.9725607942873692,NA,NA
3D9.1BF1A35841,FALSE,FALSE,FALSE,2006-10-09T17:34:00Z,NA,FALSE,2006,2006-10-09T17:34:00Z,A,10,Fall,0,0,Open,1,274,644,NA,2010-09-20,263,2010,3,1,-3,0.9262656574274876,0.9963759028001622,NA
3D9.1BF1A7ADA9,TRUE,FALSE,FALSE,2007-11-17T01:51:00Z,NA,FALSE,2007,2007-09-29T14:25:00Z,B,9,Fall,1,0,Open,1,107,NA,NA,2007-09-29,272,2007,0,-2,-6,NA,NA,NA
3D9.1BF1F81266,FALSE,TRUE,FALSE,2008-05-05T11:48:00Z,NA,FALSE,2007,2007-10-08T10:29:00Z,A,10,Fall,0,1,Open,1,246,653,NA,2010-08-20,232,2010,3,1,-3,0.9746278703578268,0.9581221298303896,NA
3D9.1BF1F8679B,TRUE,TRUE,FALSE,2008-04-29T02:41:00Z,NA,FALSE,2007,2007-09-25T14:02:00Z,B,9,Fall,1,1,Open,1,104,NA,NA,2007-09-25,268,2007,0,-2,-6,NA,NA,NA
3D9.1BF1F9467F,FALSE,FALSE,FALSE,2006-11-01T07:27:00Z,NA,FALSE,2006,2006-11-01T07:27:00Z,A,11,Fall,0,0,Open,1,453,914,NA,2011-01-20,20,2011,4,2,-2,0.9587543610581032,0.9708257298803146,NA
3D9.1BF2019EE6,FALSE,TRUE,FALSE,2009-03-27T23:50:00Z,NA,FALSE,2008,2008-09-19T10:41:00Z,A,9,Fall,0,1,Open,1,96,NA,NA,2008-09-19,263,2008,1,-1,-5,0.9319756467978012,NA,NA
3D9.1BF201A1D0,TRUE,TRUE,FALSE,2009-04-17T21:58:00Z,NA,FALSE,2008,2008-09-04T10:22:00Z,B,9,Fall,1,1,Open,1,380,1090,NA,2009-04-20,110,2009,2,0,-4,0.970414624961218,0.5046036719463945,NA
3D9.1BF201A551,TRUE,TRUE,FALSE,2008-04-13T21:20:00Z,NA,FALSE,2007,2007-08-20T07:59:00Z,B,8,Fall,1,1,Open,1,186,NA,NA,2007-08-20,232,2007,0,-2,-6,NA,NA,NA
3D9.1BF201AAC2,FALSE,TRUE,FALSE,2008-04-13T23:01:00Z,NA,FALSE,2007,2007-09-18T17:28:00Z,A,9,Fall,0,1,Open,1,111,NA,NA,2007-09-18,261,2007,0,-2,-6,NA,NA,NA
3D9.1BF201E686,FALSE,FALSE,FALSE,2008-08-21T18:58:00Z,NA,FALSE,2008,2008-08-21T18:58:00Z,A,8,Fall,0,0,Open,1,218,NA,NA,2008-08-21,234,2008,1,-1,-5,0.9750184553759969,NA,NA
3D9.1BF201ECE8,FALSE,TRUE,FALSE,2008-04-13T22:20:00Z,NA,FALSE,2007,2007-09-28T16:43:00Z,A,9,Fall,0,1,Open,1,104,NA,NA,2007-09-28,271,2007,0,-2,-6,NA,NA,NA
3D9.1BF201F535,FALSE,FALSE,FALSE,2008-08-09T17:08:00Z,NA,FALSE,2008,2008-08-09T17:08:00Z,A,8,Fall,0,0,Open,1,97,NA,NA,2008-09-20,264,2008,1,-1,-5,0.9321757538383424,NA,NA
3D9.1BF201FC03,TRUE,TRUE,FALSE,2009-04-17T22:33:00Z,NA,FALSE,2008,2008-08-04T18:22:00Z,B,8,Fall,1,1,Open,1,285,NA,NA,2008-04-20,111,2008,1,-1,-5,0.9610634290781224,NA,NA
3D9.1BF25E4AEE,TRUE,TRUE,TRUE,2010-04-11T21:09:00Z,2009-12-08T11:23:00Z,FALSE,2009,2009-09-29T08:31:00Z,B,9,Fall,1,1,Open,1,91.8,286,NA,2009-09-29,272,2009,2,0,-4,0.6527896719774124,0.9608010434538092,NA
3D9.1BF25FBC4A,FALSE,TRUE,FALSE,2010-04-12T22:07:00Z,NA,FALSE,2009,2009-08-24T13:13:00Z,A,8,Fall,0,1,Open,1,112,385,NA,2009-08-24,236,2009,2,0,-4,0.9778594836260044,0.9726794025769436,NA
3D9.1BF25FCF46,FALSE,TRUE,FALSE,2010-04-23T13:51:00Z,NA,FALSE,2009,2009-08-04T10:22:00Z,A,8,Fall,0,1,Open,1,285,NA,NA,2008-04-20,111,2008,1,-1,-5,0.9610634290781224,NA,NA
3D9.1BF25FEB8A,TRUE,TRUE,FALSE,2010-05-01T06:06:00Z,NA,FALSE,2009,2009-09-11T09:16:00Z,B,9,Fall,1,1,Open,1,183,521,NA,2009-11-20,324,2009,2,0,-4,0.9872574863670058,0.9644483054226988,NA
3D9.1BF25FEDAF,FALSE,TRUE,FALSE,2010-04-08T00:03:00Z,NA,FALSE,2009,2009-09-26T18:33:00Z,A,9,Fall,0,1,Open,1,94.8,290,NA,2009-09-26,269,2009,2,0,-4,0.9476038071874198,0.9963667054163016,NA
3D9.1BF25FEF5C,TRUE,FALSE,FALSE,2010-05-03T14:38:00Z,NA,FALSE,2009,2009-09-16T12:35:00Z,B,9,Fall,1,0,Open,1,114,325,NA,2009-09-16,259,2009,2,0,-4,0.945395143284734,0.9959463517110452,NA
3D9.1BF25FF5FD,FALSE,TRUE,FALSE,2010-04-19T04:14:00Z,NA,FALSE,2009,2009-11-06T10:32:00Z,A,11,Fall,0,1,Open,1,251,650,NA,2009-11-06,310,2009,2,0,-4,0.8769673695404689,0.8701625348992926,NA
3D9.1BF26002A8,TRUE,FALSE,TRUE,2010-05-18T18:42:00Z,2010-04-10T19:52:00Z,FALSE,2009,2009-10-02T05:01:00Z,B,10,Fall,1,0,Open,1,125,364,NA,2010-02-20,51,2010,3,1,-3,0.978536069637103,0.9729555073406546,NA
3D9.1BF2602B69,FALSE,TRUE,FALSE,2009-10-24T20:10:00Z,NA,FALSE,2009,2009-09-19T16:08:00Z,A,9,Fall,0,1,Open,1,105,313,NA,2009-09-19,262,2009,2,0,-4,0.9438747793942462,0.9962600655786328,NA
3D9.1BF2604717,TRUE,FALSE,FALSE,2010-08-11T12:52:00Z,NA,FALSE,2010,2010-08-04T14:42:00Z,B,8,Fall,1,0,Open,1,285,NA,NA,2008-04-20,111,2008,1,-1,-5,0.9610634290781224,NA,NA
3D9.1BF26DBC89,TRUE,TRUE,FALSE,2010-05-07T14:10:00Z,NA,FALSE,2009,2009-10-03T11:19:00Z,B,10,Fall,1,1,Open,1,160,500,NA,2010-03-20,79,2010,3,1,-3,0.9880314569933488,0.7935537854836177,NA
3D9.1C2C2CCDDA,FALSE,FALSE,FALSE,2009-09-23T11:49:00Z,NA,FALSE,2009,2009-09-23T11:49:00Z,A,9,Fall,0,0,Open,1,101,304,NA,2009-09-23,266,2009,2,0,-4,0.9449282528580516,0.9964121142547404,NA
3D9.1C2C2D0878,FALSE,TRUE,FALSE,2010-05-24T04:24:00Z,NA,FALSE,2009,2009-09-22T23:03:00Z,A,9,Fall,0,1,Open,1,102,308,NA,2009-09-22,265,2009,2,0,-4,0.944364647038208,0.9963984353192138,NA
3D9.1C2C2DB108,FALSE,FALSE,FALSE,2010-08-01T18:37:00Z,NA,FALSE,2010,2010-08-01T18:37:00Z,A,8,Fall,0,0,Open,1,140,NA,NA,2008-01-20,20,2008,1,-1,-5,0.9757506471277764,NA,NA
3D9.1C2C3232BC,TRUE,TRUE,FALSE,2010-05-24T20:48:00Z,NA,FALSE,2009,2009-10-20T13:45:00Z,B,10,Fall,1,1,Open,1,169,489,NA,2009-10-20,293,2009,2,0,-4,0.978485256349018,0.9910754460570308,NA
3D9.1C2C422ABE,FALSE,TRUE,FALSE,2011-05-09T00:35:00Z,NA,FALSE,2010,2010-09-30T09:49:00Z,A,9,Fall,0,1,Open,1,200,555,NA,2010-09-30,273,2010,3,1,-3,0.9378773172419692,0.9961717226091692,NA
3D9.1C2C4260B4,FALSE,TRUE,FALSE,2010-04-19T03:26:00Z,NA,FALSE,2009,2009-08-01T16:12:00Z,A,8,Fall,0,1,Open,1,224,753,NA,2009-08-01,213,2009,2,0,-4,0.8644598288778659,0.8454268087744081,NA
3D9.1C2C42959D,TRUE,TRUE,FALSE,2011-04-30T20:08:00Z,NA,FALSE,2010,2010-07-29T10:04:00Z,B,7,Fall,1,1,Open,1,542,1310,NA,2010-07-29,210,2010,3,1,-3,0.97599666697326,0.7385200101119311,NA
3D9.1C2C4296CA,FALSE,TRUE,FALSE,2011-04-05T23:30:00Z,NA,FALSE,2010,2010-09-25T13:08:00Z,A,9,Fall,0,1,Open,1,215,635,NA,2010-09-25,268,2010,3,1,-3,0.929798700411884,0.9964471169299044,NA
3D9.1C2C429DEC,FALSE,TRUE,FALSE,2011-04-24T20:22:00Z,NA,FALSE,2010,2010-08-22T09:37:00Z,A,8,Fall,0,1,Open,1,227,621,NA,2010-08-22,234,2010,3,1,-3,0.9728161103486264,0.9663988136202034,NA
3D9.1C2C429F5B,FALSE,TRUE,FALSE,2011-04-25T04:27:00Z,NA,FALSE,2010,2010-11-05T15:04:00Z,A,11,Fall,0,1,Open,1,1780,8770,NA,2011-05-20,140,2011,4,2,-2,0.76658423584316715,0.45829605967376413,NA
3D9.1C2C42A041,FALSE,FALSE,FALSE,2009-11-01T00:54:00Z,NA,FALSE,2009,2009-11-01T00:54:00Z,A,11,Fall,0,0,Open,1,453,914,NA,2011-01-20,20,2011,4,2,-2,0.9587543610581032,0.9708257298803146,NA
3D9.1C2C42A0CD,TRUE,TRUE,FALSE,2010-04-19T04:37:00Z,NA,FALSE,2009,2009-11-23T10:10:00Z,B,11,Fall,1,1,Open,1,169,515,NA,2009-11-23,327,2009,2,0,-4,0.9871669957310896,0.9599740711750592,NA
3D9.1C2C42CD6A,TRUE,FALSE,TRUE,2010-06-14T16:06:00Z,2010-04-30T18:57:00Z,FALSE,2009,2009-09-08T17:27:00Z,B,9,Fall,1,0,Open,1,117,436,NA,2009-08-20,232,2009,2,0,-4,0.9809073896858124,0.9575403160550688,NA
3D9.1C2C42DC73,TRUE,TRUE,FALSE,2010-05-12T00:22:00Z,NA,FALSE,2009,2009-09-07T11:36:00Z,B,9,Fall,1,1,Open,1,291,797,NA,2009-07-20,201,2009,2,0,-4,0.9767544491957384,0.6255624266252557,NA
3D9.1C2C43577C,TRUE,TRUE,FALSE,2012-08-10T13:55:00Z,NA,FALSE,2010,2010-07-23T10:31:00Z,B,7,Fall,1,1,Open,1,669,1750,NA,2010-07-23,204,2010,3,1,-3,0.9719539500521258,0.6631741116781551,NA
3D9.1C2C448869,TRUE,TRUE,FALSE,2011-03-23T01:08:00Z,NA,FALSE,2010,2010-08-07T15:31:00Z,B,8,Fall,1,1,Open,1,377,NA,NA,2008-07-20,202,2008,1,-1,-5,0.9725607942873692,NA,NA
3D9.1C2C449556,FALSE,TRUE,FALSE,2010-04-19T23:59:00Z,NA,FALSE,2009,2009-08-27T16:29:00Z,A,8,Fall,0,1,Open,1,103,349,NA,2009-08-27,239,2009,2,0,-4,0.9747665900934503,0.9803161840168928,NA
3D9.1C2C449BFB,FALSE,TRUE,FALSE,2011-05-18T13:20:00Z,NA,FALSE,2010,2010-07-02T17:28:00Z,A,7,Fall,0,1,Open,1,288,NA,NA,2007-02-20,51,2007,0,-2,-6,NA,NA,NA
3D9.1C2C44A0C0,TRUE,FALSE,TRUE,2010-05-20T13:12:00Z,2009-09-26T10:19:00Z,FALSE,2009,2009-08-06T17:11:00Z,B,8,Fall,1,0,Open,1,172,532,NA,2009-08-06,218,2009,2,0,-4,0.835205008636661,0.9017284567470896,NA
3D9.1C2C44A7A9,FALSE,FALSE,FALSE,2009-09-02T20:41:00Z,NA,FALSE,2009,2009-09-02T20:41:00Z,A,9,Fall,0,0,Open,1,144,410,NA,2009-02-20,51,2009,2,0,-4,0.9838643361834478,NA,NA
3D9.1C2C44AA92,FALSE,FALSE,FALSE,2010-05-11T11:06:00Z,NA,FALSE,2009,2009-09-10T14:14:00Z,A,9,Fall,0,0,Open,1,169,489,NA,2009-10-20,293,2009,2,0,-4,0.978485256349018,0.9910754460570308,NA
3D9.1C2C44AA93,FALSE,TRUE,FALSE,2009-09-04T05:38:00Z,NA,FALSE,2009,2009-08-30T14:03:00Z,A,8,Fall,0,1,Open,1,99.8,328,NA,2009-08-30,242,2009,2,0,-4,0.9709805449443148,0.9856671918136096,NA
3D9.1C2C44AB37,FALSE,TRUE,FALSE,2010-05-20T03:20:00Z,NA,FALSE,2009,2009-10-04T09:45:00Z,A,10,Fall,0,1,Open,1,459,2570,NA,2010-04-20,110,2010,3,1,-3,0.9608218946134676,0.5082042935620461,NA
3D9.1C2C44AC6A,TRUE,FALSE,TRUE,2010-06-26T21:07:00Z,2010-03-30T21:07:00Z,FALSE,2009,2009-09-21T14:27:00Z,B,9,Fall,1,0,Open,1,104,309,NA,2009-09-21,264,2009,2,0,-4,0.9439921190847824,0.9963692277087468,NA
3D9.1C2C44D298,FALSE,TRUE,FALSE,2010-04-06T22:49:00Z,NA,FALSE,2009,2009-08-30T16:21:00Z,A,8,Fall,0,1,Open,1,99.8,328,NA,2009-08-30,242,2009,2,0,-4,0.9709805449443148,0.9856671918136096,NA
3D9.1C2C44DEA6,TRUE,TRUE,TRUE,2011-05-06T08:15:00Z,2011-04-20T22:51:00Z,FALSE,2010,2010-09-21T08:21:00Z,B,9,Fall,1,1,Open,1,260,680,NA,2010-09-21,264,2010,3,1,-3,0.8701587943212684,0.8624568070696188,NA
3D9.1C2C44E5C4,FALSE,TRUE,FALSE,2010-04-19T16:58:00Z,NA,FALSE,2010,2010-03-17T11:21:00Z,A,3,Spring,0,1,Open,1,162,463,NA,2010-03-17,76,2010,3,1,-3,0.9874631549411385,0.8265154327734623,NA
3D9.1C2C4512E8,FALSE,TRUE,FALSE,2009-10-09T22:04:00Z,NA,FALSE,2009,2009-10-08T13:06:00Z,A,10,Fall,0,1,Open,1,246,653,NA,2010-08-20,232,2010,3,1,-3,0.9746278703578268,0.9581221298303896,NA
3D9.1C2C451B01,FALSE,TRUE,FALSE,2017-05-24T12:42:00Z,NA,FALSE,2009,2009-09-07T15:26:00Z,A,9,Fall,0,1,Open,1,291,797,NA,2009-07-20,201,2009,2,0,-4,0.9767544491957384,0.6255624266252557,NA
3D9.1C2C45324F,FALSE,TRUE,FALSE,2011-05-15T23:24:00Z,NA,FALSE,2009,2009-09-20T15:21:00Z,A,9,Fall,0,1,Open,1,104,311,NA,2009-09-20,263,2009,2,0,-4,0.94382477385258845,0.9963235135042198,NA
3D9.1C2C454402,FALSE,TRUE,FALSE,2010-04-17T00:21:00Z,NA,FALSE,2009,2009-10-15T13:06:00Z,A,10,Fall,0,1,Open,1,135,368,NA,2009-10-15,288,2009,2,0,-4,0.973913325156678,0.9930273375438494,NA
3D9.1C2C454CF4,TRUE,FALSE,FALSE,2009-08-27T18:56:00Z,NA,FALSE,2009,2009-08-25T09:48:00Z,B,8,Fall,1,0,Open,1,109,370,NA,2009-08-25,237,2009,2,0,-4,0.9769063544945846,0.9755255320336436,NA
3D9.1C2C467685,TRUE,TRUE,TRUE,2010-05-02T11:39:00Z,2009-10-07T22:54:00Z,FALSE,2009,2009-09-17T07:25:00Z,B,9,Fall,1,1,Open,1,110,319,NA,2009-09-17,260,2009,2,0,-4,0.7320670163539198,0.9526632441909944,NA
3D9.1C2C472E3E,TRUE,FALSE,TRUE,2010-05-20T09:40:00Z,2010-04-14T02:22:00Z,FALSE,2009,2009-08-29T07:20:00Z,B,8,Fall,1,0,Open,1,95.9,335,NA,2009-08-29,241,2009,2,0,-4,0.9723176222672284,0.9840942965128144,NA
3D9.1C2C47D482,FALSE,TRUE,FALSE,2011-04-11T21:31:00Z,NA,FALSE,2010,2010-07-28T16:52:00Z,A,7,Fall,0,1,Open,1,540,1340,NA,2010-07-28,209,2010,3,1,-3,0.975457028237329,0.725556784868095,NA
3D9.1C2C47DC16,FALSE,TRUE,FALSE,2010-05-19T11:16:00Z,NA,FALSE,2009,2009-10-19T12:12:00Z,A,10,Fall,0,1,Open,1,199,481,NA,2009-10-19,292,2009,2,0,-4,0.97769282732234,0.9915051455366356,NA
3D9.1C2C47DD13,TRUE,TRUE,FALSE,2011-02-06T21:14:00Z,NA,FALSE,2010,2010-08-14T12:36:00Z,B,8,Fall,1,1,Open,1,300,849,NA,2010-08-14,226,2010,3,1,-3,0.9778865177357076,0.9210682863907734,NA
3D9.1C2C50C954,TRUE,FALSE,FALSE,2010-10-13T13:06:00Z,NA,FALSE,2010,2010-09-11T11:48:00Z,B,9,Fall,1,0,Open,1,183,521,NA,2009-11-20,324,2009,2,0,-4,0.9872574863670058,0.9644483054226988,NA
3D9.1C2C50CC1F,TRUE,FALSE,FALSE,2010-09-07T21:19:00Z,NA,FALSE,2010,2010-08-26T15:49:00Z,B,8,Fall,1,0,Open,1,193,534,NA,2010-08-26,238,2010,3,1,-3,0.9679949016009064,0.97836813571347,NA
3D9.1C2C50D4B1,FALSE,TRUE,FALSE,2011-04-03T22:37:00Z,NA,FALSE,2010,2010-09-26T14:03:00Z,A,9,Fall,0,1,Open,1,205,614,NA,2010-09-26,269,2010,3,1,-3,0.9311397500266008,0.9964184814474532,NA
3D9.1C2C50D574,TRUE,TRUE,FALSE,2011-08-15T03:10:00Z,NA,FALSE,2011,2011-07-31T13:25:00Z,B,7,Fall,1,1,Open,1,832,2620,NA,2011-07-31,212,2011,4,2,-2,0.9638643019607396,0.7580393060380792,NA
3D9.1C2C50D910,TRUE,TRUE,FALSE,2010-04-20T16:14:00Z,NA,FALSE,2009,2009-10-27T11:56:00Z,B,10,Fall,1,1,Open,1,251,492,NA,2009-10-27,300,2009,2,0,-4,0.9827133091825122,0.987497343961346,NA
3D9.1C2C50D96A,FALSE,TRUE,FALSE,2011-04-07T00:36:00Z,NA,FALSE,2010,2010-08-23T20:00:00Z,A,8,Fall,0,1,Open,1,219,600,NA,2010-08-23,235,2010,3,1,-3,0.9717619690270048,0.9699143797688452,NA
3D9.1C2C50D999,TRUE,TRUE,FALSE,2010-04-17T23:29:00Z,NA,FALSE,2009,2009-09-05T16:56:00Z,B,9,Fall,1,1,Open,1,1520,5010,NA,2009-05-20,140,2009,2,0,-4,0.8745579574258405,0.4636693172048722,NA
3D9.1C2C50DDD7,FALSE,TRUE,FALSE,2010-04-12T19:17:00Z,NA,FALSE,2009,2009-09-16T09:10:00Z,A,9,Fall,0,1,Open,1,114,325,NA,2009-09-16,259,2009,2,0,-4,0.945395143284734,0.9959463517110452,NA
3D9.1C2C50DE54,TRUE,TRUE,TRUE,2011-04-24T04:07:00Z,2010-10-03T00:35:00Z,FALSE,2010,2010-07-03T14:24:00Z,B,7,Fall,1,1,Open,1,842,NA,NA,2007-03-20,79,2007,0,-2,-6,NA,NA,NA
3D9.1C2C50DE70,TRUE,FALSE,FALSE,2009-09-26T16:55:00Z,NA,FALSE,2009,2009-09-23T15:42:00Z,B,9,Fall,1,0,Open,1,101,304,NA,2009-09-23,266,2009,2,0,-4,0.9449282528580516,0.9964121142547404,NA
3D9.1C2C50E3FD,TRUE,TRUE,FALSE,2010-04-22T19:16:00Z,NA,FALSE,2009,2009-08-30T13:46:00Z,B,8,Fall,1,1,Open,1,99.8,328,NA,2009-08-30,242,2009,2,0,-4,0.9709805449443148,0.9856671918136096,NA
3D9.1C2C50E5B3,TRUE,TRUE,FALSE,2010-06-24T05:19:00Z,NA,FALSE,2009,2009-08-27T18:04:00Z,B,8,Fall,1,1,Open,1,103,349,NA,2009-08-27,239,2009,2,0,-4,0.9747665900934503,0.9803161840168928,NA
3D9.1C2C50E66A,FALSE,TRUE,FALSE,2011-05-06T20:37:00Z,NA,FALSE,2010,2010-09-28T16:10:00Z,A,9,Fall,0,1,Open,1,202,576,NA,2010-09-28,271,2010,3,1,-3,0.9342792413293126,0.996321422785468,NA
3D9.1C2C50E8B5,FALSE,TRUE,FALSE,2010-04-13T09:22:00Z,NA,FALSE,2009,2009-10-02T13:54:00Z,A,10,Fall,0,1,Open,1,125,364,NA,2010-02-20,51,2010,3,1,-3,0.978536069637103,0.9729555073406546,NA
3D9.1C2C50EBB0,FALSE,TRUE,FALSE,2011-04-11T20:14:00Z,NA,FALSE,2010,2010-10-12T14:46:00Z,A,10,Fall,0,1,Open,1,221,526,NA,2010-12-20,354,2010,3,1,-3,0.977382028353324,0.9194822963318297,NA
3D9.1C2C50EBCA,TRUE,TRUE,TRUE,2010-04-16T21:21:00Z,2010-04-09T21:06:00Z,FALSE,2009,2009-08-19T13:29:00Z,B,8,Fall,1,1,Open,1,119,458,NA,2009-08-19,231,2009,2,0,-4,0.9814827151318892,0.9526480640342248,NA
3D9.1C2C50EFC7,FALSE,FALSE,FALSE,2010-08-20T18:59:00Z,NA,FALSE,2010,2010-08-20T18:59:00Z,A,8,Fall,0,0,Open,1,246,653,NA,2010-08-20,232,2010,3,1,-3,0.9746278703578268,0.9581221298303896,NA
3D9.1C2C50F05E,FALSE,TRUE,FALSE,2011-04-19T04:32:00Z,NA,FALSE,2010,2010-08-28T20:54:00Z,A,8,Fall,0,1,Open,1,194,510,NA,2010-08-28,240,2010,3,1,-3,0.9649769403039288,0.98256704618074,NA
3D9.1C2C50F219,FALSE,TRUE,FALSE,2011-04-02T15:15:00Z,NA,FALSE,2010,2010-11-02T12:43:00Z,A,11,Fall,0,1,Open,1,229,580,NA,2011-02-20,51,2011,4,2,-2,0.9663562305788692,0.9719911217409384,NA
3D9.1C2C50F3FA,FALSE,TRUE,FALSE,2010-06-03T08:11:00Z,NA,FALSE,2009,2009-10-20T14:02:00Z,A,10,Fall,0,1,Open,1,169,489,NA,2009-10-20,293,2009,2,0,-4,0.978485256349018,0.9910754460570308,NA
3D9.1C2C51016F,FALSE,TRUE,FALSE,2010-04-12T01:43:00Z,NA,FALSE,2009,2009-09-15T13:02:00Z,A,9,Fall,0,1,Open,1,114,336,NA,2009-09-15,258,2009,2,0,-4,0.9463289472624168,0.9957930132036124,NA
3D9.1C2C5103FF,TRUE,TRUE,FALSE,2012-04-12T00:01:00Z,NA,FALSE,2011,2011-08-23T21:27:00Z,B,8,Fall,1,1,Open,1,340,918,NA,2011-08-23,235,2011,4,2,-2,0.9559113195321072,0.9688450224121103,NA
3D9.1C2C5113F9,FALSE,TRUE,FALSE,2011-03-31T05:22:00Z,NA,FALSE,2010,2010-09-27T23:21:00Z,A,9,Fall,0,1,Open,1,204,593,NA,2010-09-27,270,2010,3,1,-3,0.9326409058249896,0.99637653577873,NA
3D9.1C2C5115A3,FALSE,TRUE,FALSE,2011-04-01T23:32:00Z,NA,FALSE,2010,2010-07-29T14:34:00Z,A,7,Fall,0,1,Open,1,542,1310,NA,2010-07-29,210,2010,3,1,-3,0.97599666697326,0.7385200101119311,NA
3D9.1C2C516F05,FALSE,TRUE,FALSE,2010-06-08T14:07:00Z,NA,FALSE,2009,2009-10-21T12:33:00Z,A,10,Fall,0,1,Open,1,158,476,NA,2009-10-21,294,2009,2,0,-4,0.9792239787295536,0.990626699143144,NA
3D9.1C2C516FC1,TRUE,TRUE,FALSE,2010-04-18T00:10:00Z,NA,FALSE,2009,2009-10-12T10:10:00Z,B,10,Fall,1,1,Open,1,221,526,NA,2010-12-20,354,2010,3,1,-3,0.977382028353324,0.9194822963318297,NA
3D9.1C2C517149,TRUE,TRUE,FALSE,2010-04-18T16:35:00Z,NA,FALSE,2009,2009-08-07T16:03:00Z,B,8,Fall,1,1,Open,1,377,NA,NA,2008-07-20,202,2008,1,-1,-5,0.9725607942873692,NA,NA
3D9.1C2C517C97,FALSE,TRUE,FALSE,2011-03-31T05:51:00Z,NA,FALSE,2010,2010-09-27T16:53:00Z,A,9,Fall,0,1,Open,1,204,593,NA,2010-09-27,270,2010,3,1,-3,0.9326409058249896,0.99637653577873,NA
3D9.1C2C517CA8,FALSE,TRUE,FALSE,2010-07-30T23:00:00Z,NA,FALSE,2010,2010-07-29T09:08:00Z,A,7,Fall,0,1,Open,1,542,1310,NA,2010-07-29,210,2010,3,1,-3,0.97599666697326,0.7385200101119311,NA
3D9.1C2C517ED3,FALSE,TRUE,FALSE,2010-07-29T09:58:00Z,NA,FALSE,2010,2010-07-28T09:34:00Z,A,7,Fall,0,1,Open,1,540,1340,NA,2010-07-28,209,2010,3,1,-3,0.975457028237329,0.725556784868095,NA
3D9.1C2C518264,TRUE,TRUE,FALSE,2011-04-06T22:33:00Z,NA,FALSE,2010,2010-07-14T16:29:00Z,B,7,Fall,1,1,Open,1,979,2930,NA,2010-07-14,195,2010,3,1,-3,0.9617407054859282,0.5702944958552995,NA
3D9.1C2C5182BF,FALSE,TRUE,FALSE,2011-06-25T03:55:00Z,NA,FALSE,2010,2010-10-26T15:40:00Z,A,10,Fall,0,1,Open,1,169,530,NA,2010-10-26,299,2010,3,1,-3,0.9763747634685412,0.9882430985951112,NA
3D9.1C2C51CD86,TRUE,TRUE,TRUE,2010-05-07T14:36:00Z,2009-09-30T16:48:00Z,FALSE,2009,2009-07-23T15:20:00Z,B,7,Fall,1,1,Open,1,263,699,NA,2009-07-23,204,2009,2,0,-4,0.9788809157674768,0.6599489007798197,NA
3D9.1C2C51DAD4,FALSE,TRUE,FALSE,2010-08-01T22:32:00Z,NA,FALSE,2010,2010-07-30T11:57:00Z,A,7,Fall,0,1,Open,1,502,1250,NA,2010-07-30,211,2010,3,1,-3,0.9764855824550476,0.7515458334446801,NA
3D9.1C2C51E7AD,FALSE,FALSE,FALSE,2010-08-05T14:25:00Z,NA,FALSE,2010,2010-08-05T14:25:00Z,A,8,Fall,0,0,Open,1,3230,NA,NA,2008-05-20,141,2008,1,-1,-5,0.849208918537318,NA,NA
3D9.1C2CBC3646,FALSE,TRUE,FALSE,2013-04-05T16:46:00Z,NA,FALSE,2012,2012-09-25T20:14:00Z,A,9,Fall,0,1,Open,1,130,345,NA,2012-09-25,269,2012,5,3,-1,0.870839394550223,0.995802694492584,NA
3D9.1C2CBC39D4,TRUE,FALSE,FALSE,2012-08-05T16:41:00Z,NA,FALSE,2012,2012-08-02T15:11:00Z,B,8,Fall,1,0,Open,1,133,NA,NA,2008-02-20,51,2008,1,-1,-5,0.9802843950213668,NA,NA
3D9.1C2CBC3DA5,FALSE,TRUE,FALSE,2012-03-30T21:15:00Z,NA,FALSE,2011,2011-08-20T15:26:00Z,A,8,Fall,0,1,Open,1,337,987,NA,2011-08-20,232,2011,4,2,-2,0.9603202289467152,0.9566523634298792,NA
3D9.1C2CBC3F49,TRUE,TRUE,FALSE,2013-05-02T15:14:00Z,NA,FALSE,2012,2012-10-17T16:20:00Z,B,10,Fall,1,1,Open,1,188,438,NA,2012-10-17,291,2012,5,3,-1,0.9402127878787004,0.9906670363911426,NA
3D9.1C2CBC4277,FALSE,TRUE,FALSE,2012-04-03T18:44:00Z,NA,FALSE,2011,2011-09-27T12:36:00Z,A,9,Fall,0,1,Open,1,235,466,NA,2011-09-27,270,2011,4,2,-2,0.8971547742284317,0.9962441018323724,NA
3D9.1C2CBC4431,FALSE,TRUE,FALSE,2013-05-29T08:33:00Z,NA,FALSE,2012,2012-09-04T15:19:00Z,A,9,Fall,0,1,Open,1,150,430,NA,2012-09-04,248,2012,5,3,-1,0.8156336680265591,0.9276992711526912,NA
3D9.1C2CBC4476,TRUE,FALSE,FALSE,2012-09-08T15:11:00Z,NA,FALSE,2012,2012-08-18T15:36:00Z,B,8,Fall,1,0,Open,1,263,694,NA,2012-08-18,231,2012,5,3,-1,0.9518303732077544,0.9456675112476772,NA
3D9.1C2CBC473F,TRUE,FALSE,FALSE,2011-09-02T17:55:00Z,NA,FALSE,2011,2011-08-30T14:23:00Z,B,8,Fall,1,0,Open,1,275,740,NA,2011-08-30,242,2011,4,2,-2,0.9403404955154936,0.9853584578367446,NA
3D9.1C2CC055C1,FALSE,TRUE,FALSE,2012-05-19T04:43:00Z,NA,FALSE,2011,2011-10-01T01:47:00Z,A,10,Fall,0,1,Open,1,119,396,NA,2010-01-20,20,2010,3,1,-3,0.7513870114374769,0.9355753923034932,NA
3D9.1C2CC087BD,FALSE,TRUE,FALSE,2012-03-30T20:27:00Z,NA,FALSE,2011,2011-09-27T01:48:00Z,A,9,Fall,0,1,Open,1,235,466,NA,2011-09-27,270,2011,4,2,-2,0.8971547742284317,0.9962441018323724,NA
3D9.1C2CC92F88,FALSE,TRUE,FALSE,2011-06-02T03:00:00Z,NA,FALSE,2010,2010-08-17T12:42:00Z,A,8,Fall,0,1,Open,1,275,750,NA,2010-08-17,229,2010,3,1,-3,0.9766277406671178,0.9420966991941506,NA
3D9.1C2CCD332F,FALSE,TRUE,FALSE,2011-05-18T08:56:00Z,NA,FALSE,2010,2010-09-21T11:14:00Z,A,9,Fall,0,1,Open,1,260,680,NA,2010-09-21,264,2010,3,1,-3,0.9264812364934734,0.9964209679252451,NA
3D9.1C2CCD3491,FALSE,TRUE,FALSE,2011-03-29T03:44:00Z,NA,FALSE,2010,2010-11-10T11:05:00Z,A,11,Fall,0,1,Open,1,159,544,NA,2011-10-20,293,2011,4,2,-2,0.9554050971921836,0.9908821302330576,NA
3D9.1C2CCD36F8,FALSE,TRUE,FALSE,2011-04-13T18:59:00Z,NA,FALSE,2010,2010-09-28T11:35:00Z,A,9,Fall,0,1,Open,1,202,576,NA,2010-09-28,271,2010,3,1,-3,0.9342792413293126,0.996321422785468,NA
3D9.1C2CCD40CD,FALSE,TRUE,FALSE,2012-04-20T18:18:00Z,NA,FALSE,2011,2011-09-26T14:25:00Z,A,9,Fall,0,1,Open,1,170,422,NA,2011-09-26,269,2011,4,2,-2,0.8949518555179328,0.996287574860681,NA
3D9.1C2CCD4539,FALSE,TRUE,FALSE,2011-04-23T00:24:00Z,NA,FALSE,2010,2010-08-17T09:06:00Z,A,8,Fall,0,1,Open,1,275,750,NA,2010-08-17,229,2010,3,1,-3,0.9766277406671178,0.9420966991941506,NA
3D9.1C2CCD6A98,TRUE,TRUE,FALSE,2012-03-29T21:59:00Z,NA,FALSE,2011,2011-09-28T11:10:00Z,B,9,Fall,1,1,Open,1,199,528,NA,2011-09-28,271,2011,4,2,-2,0.8995632692630052,0.9961869822236272,NA
3D9.1C2CCD6F15,TRUE,TRUE,FALSE,2011-04-27T02:48:00Z,NA,FALSE,2010,2010-08-24T12:17:00Z,B,8,Fall,1,1,Open,1,208,584,NA,2010-08-24,236,2010,3,1,-3,0.970607552371874,0.9730596059867922,NA
3D9.1C2CCD70E3,TRUE,FALSE,TRUE,2011-05-14T09:03:00Z,2011-03-31T02:17:00Z,FALSE,2010,2010-08-21T09:55:00Z,B,8,Fall,1,0,Open,1,237,636,NA,2010-08-21,233,2010,3,1,-3,0.9737710350520764,0.9624793595841852,NA
3D9.1C2CCD7188,TRUE,TRUE,TRUE,2012-04-19T11:44:00Z,2011-09-30T23:27:00Z,FALSE,2011,2011-08-17T14:12:00Z,B,8,Fall,1,1,Open,1,384,1140,NA,2011-08-17,229,2011,4,2,-2,0.9634055057682972,0.940099659041888,NA
3D9.1C2CCD72E6,FALSE,TRUE,FALSE,2012-05-01T07:36:00Z,NA,FALSE,2011,2011-09-27T10:24:00Z,A,9,Fall,0,1,Open,1,235,466,NA,2011-09-27,270,2011,4,2,-2,0.8971547742284317,0.9962441018323724,NA
3D9.1C2CCD72F8,FALSE,TRUE,FALSE,2012-05-23T08:16:00Z,NA,FALSE,2011,2011-09-21T13:24:00Z,A,9,Fall,0,1,Open,1,169,442,NA,2011-09-21,264,2011,4,2,-2,0.8881392757560297,0.9962901518823116,NA
3D9.1C2CCD767F,FALSE,TRUE,FALSE,2011-04-08T16:08:00Z,NA,FALSE,2010,2010-08-10T09:38:00Z,A,8,Fall,0,1,Open,1,120,NA,NA,2008-10-20,294,2008,1,-1,-5,0.9746410401305782,NA,NA
3D9.1C2CCD76B4,FALSE,TRUE,FALSE,2011-06-01T07:05:00Z,NA,FALSE,2010,2010-08-16T08:22:00Z,A,8,Fall,0,1,Open,1,281,778,NA,2010-08-16,228,2010,3,1,-3,0.9771213794171923,0.9356723953437868,NA
3D9.1C2CCD9FD6,FALSE,TRUE,FALSE,2012-03-31T03:00:00Z,NA,FALSE,2011,2011-09-24T07:24:00Z,A,9,Fall,0,1,Open,1,165,421,NA,2011-09-24,267,2011,4,2,-2,0.8912926172426284,0.9963328590627946,NA
3D9.1C2CCDA88C,TRUE,TRUE,FALSE,2013-09-09T01:39:00Z,NA,FALSE,2011,2011-08-31T07:31:00Z,B,8,Fall,1,1,Open,1,271,712,NA,2011-08-31,243,2011,4,2,-2,0.937540375196373,0.9867799000316316,NA
3D9.1C2CCDA8D8,FALSE,TRUE,FALSE,2010-09-28T20:11:00Z,NA,FALSE,2010,2010-08-17T12:42:00Z,A,8,Fall,0,1,Open,1,275,750,NA,2010-08-17,229,2010,3,1,-3,0.9766277406671178,0.9420966991941506,NA
3D9.1C2CCDA9F8,FALSE,TRUE,FALSE,2012-04-17T23:53:00Z,NA,FALSE,2011,2011-10-27T09:49:00Z,A,10,Fall,0,1,Open,1,155,557,NA,2011-10-27,300,2011,4,2,-2,0.9640019706736476,0.9872275212966533,NA
3D9.1C2CCDAFB3,FALSE,TRUE,FALSE,2012-04-13T23:25:00Z,NA,FALSE,2011,2011-10-29T16:35:00Z,A,10,Fall,0,1,Open,1,162,548,NA,2011-10-29,302,2011,4,2,-2,0.9657768750570068,0.9859741163182224,NA
3D9.1C2CCDB11C,FALSE,TRUE,FALSE,2011-04-02T15:18:00Z,NA,FALSE,2010,2010-08-11T08:20:00Z,A,8,Fall,0,1,Open,1,374,NA,NA,2008-11-20,325,2008,1,-1,-5,0.9843962618367664,NA,NA
3D9.1C2CCDB155,FALSE,TRUE,FALSE,2013-04-12T01:43:00Z,NA,FALSE,2012,2012-10-06T06:09:00Z,A,10,Fall,0,1,Open,1,119,354,NA,2012-10-06,280,2012,5,3,-1,0.751302970986558,0.9462865539853444,NA
3D9.1C2CCDD953,FALSE,TRUE,FALSE,2012-04-22T17:30:00Z,NA,FALSE,2011,2011-08-07T18:08:00Z,A,8,Fall,0,1,Open,1,377,NA,NA,2008-07-20,202,2008,1,-1,-5,0.9725607942873692,NA,NA
3D9.1C2CCDD9A2,FALSE,TRUE,FALSE,2012-04-14T15:33:00Z,NA,FALSE,2011,2011-08-16T09:57:00Z,A,8,Fall,0,1,Open,1,409,1200,NA,2011-08-16,228,2011,4,2,-2,0.9641681615503348,0.9334694330619316,NA
3D9.1C2CCDE46C,FALSE,TRUE,FALSE,2012-05-19T19:28:00Z,NA,FALSE,2011,2011-09-21T11:58:00Z,A,9,Fall,0,1,Open,1,169,442,NA,2011-09-21,264,2011,4,2,-2,0.8881392757560297,0.9962901518823116,NA
3D9.1C2CCDE611,TRUE,TRUE,FALSE,2012-05-09T18:28:00Z,NA,FALSE,2011,2011-09-17T13:02:00Z,B,9,Fall,1,1,Open,1,180,471,NA,2011-09-17,260,2011,4,2,-2,0.8893994727322219,0.9959880609226722,NA
3D9.1C2CCE1AD5,FALSE,TRUE,FALSE,2011-09-10T22:44:00Z,NA,FALSE,2011,2011-08-26T16:25:00Z,A,8,Fall,0,1,Open,1,322,862,NA,2011-08-26,238,2011,4,2,-2,0.9501382099893028,0.9775923151107244,NA
3D9.1C2CD78DE2,FALSE,TRUE,FALSE,2011-08-26T23:34:00Z,NA,FALSE,2011,2011-08-17T14:32:00Z,A,8,Fall,0,1,Open,1,384,1140,NA,2011-08-17,229,2011,4,2,-2,0.9634055057682972,0.940099659041888,NA
3D9.1C2CDB3599,FALSE,TRUE,FALSE,2011-05-30T02:54:00Z,NA,FALSE,2010,2010-08-21T20:54:00Z,A,8,Fall,0,1,Open,1,237,636,NA,2010-08-21,233,2010,3,1,-3,0.9737710350520764,0.9624793595841852,NA
3D9.1C2CDB3D85,TRUE,TRUE,FALSE,2012-04-25T14:15:00Z,NA,FALSE,2011,2011-09-09T11:46:00Z,B,9,Fall,1,1,Open,1,104,311,NA,2009-09-20,263,2009,2,0,-4,0.94382477385258845,0.9963235135042198,NA
3D9.1C2CDBF910,FALSE,TRUE,FALSE,2011-04-06T00:27:00Z,NA,FALSE,2010,2010-09-02T09:36:00Z,A,9,Fall,0,1,Open,1,144,410,NA,2009-02-20,51,2009,2,0,-4,0.9838643361834478,NA,NA
3D9.1C2CDD6C78,TRUE,FALSE,FALSE,2011-09-17T12:09:00Z,NA,FALSE,2011,2011-09-08T13:13:00Z,B,9,Fall,1,0,Open,1,117,436,NA,2009-08-20,232,2009,2,0,-4,0.9809073896858124,0.9575403160550688,NA
3D9.1C2CDD6ED7,FALSE,FALSE,FALSE,2012-08-06T10:39:00Z,NA,FALSE,2012,2012-08-06T10:39:00Z,A,8,Fall,0,0,Open,1,403,1090,NA,2012-08-06,219,2012,5,3,-1,0.8766371179793494,0.7561629450239002,NA
3D9.1C2CDD6F5C,TRUE,FALSE,FALSE,2010-08-18T14:33:00Z,NA,FALSE,2010,2010-08-06T17:29:00Z,B,8,Fall,1,0,Open,1,470,1280,NA,2010-08-06,218,2010,3,1,-3,0.8693704719387673,0.7097049553642886,NA
3D9.1C2CDD6FF0,FALSE,TRUE,FALSE,2011-04-19T21:36:00Z,NA,FALSE,2010,2010-09-23T14:10:00Z,A,9,Fall,0,1,Open,1,222,659,NA,2010-09-23,266,2010,3,1,-3,0.9276876325228302,0.9964632454871202,NA
3D9.1C2CDD70AD,FALSE,TRUE,FALSE,2012-04-01T00:43:00Z,NA,FALSE,2009,2009-11-19T12:06:00Z,A,11,Fall,0,1,Open,1,189,521,NA,2009-11-19,323,2009,2,0,-4,0.9872630978031396,0.9658461662974686,NA
3D9.1C2CDD756D,TRUE,TRUE,FALSE,2012-04-13T13:20:00Z,NA,FALSE,2011,2011-08-25T15:16:00Z,B,8,Fall,1,1,Open,1,332,897,NA,2011-08-25,237,2011,4,2,-2,0.9522151292130996,0.9750038828949276,NA
3D9.1C2CDD7618,FALSE,FALSE,FALSE,2010-10-18T14:53:00Z,NA,FALSE,2010,2010-10-18T14:53:00Z,A,10,Fall,0,0,Open,1,179,556,NA,2010-10-18,291,2010,3,1,-3,0.9692682110844858,0.992030245925681,NA
3D9.1C2CDD777B,FALSE,TRUE,FALSE,2012-04-22T23:15:00Z,NA,FALSE,2011,2011-08-06T08:40:00Z,A,8,Fall,0,1,Open,1,1260,NA,NA,2008-06-20,172,2008,1,-1,-5,0.6361740093529268,NA,NA
3D9.1C2CDD7B21,FALSE,TRUE,FALSE,2012-04-10T21:02:00Z,NA,FALSE,2011,2011-09-05T07:22:00Z,A,9,Fall,0,1,Open,1,1520,5010,NA,2009-05-20,140,2009,2,0,-4,0.8745579574258405,0.4636693172048722,NA
3D9.1C2CDD7BD8,FALSE,TRUE,FALSE,2011-04-04T21:33:00Z,NA,FALSE,2010,2010-10-03T16:26:00Z,A,10,Fall,0,1,Open,1,160,500,NA,2010-03-20,79,2010,3,1,-3,0.9880314569933488,0.7935537854836177,NA
3D9.1C2CDD7EFF,TRUE,TRUE,FALSE,2011-04-25T22:03:00Z,NA,FALSE,2010,2010-08-24T19:09:00Z,B,8,Fall,1,1,Open,1,208,584,NA,2010-08-24,236,2010,3,1,-3,0.970607552371874,0.9730596059867922,NA
3D9.1C2CDDF941,FALSE,TRUE,FALSE,2012-04-22T12:07:00Z,NA,FALSE,2011,2011-09-19T14:18:00Z,A,9,Fall,0,1,Open,1,176,457,NA,2011-09-19,262,2011,4,2,-2,0.8879188144880754,0.996178621391338,NA
3D9.1C2CDE072C,FALSE,TRUE,FALSE,2012-04-11T20:20:00Z,NA,FALSE,2011,2011-09-03T15:41:00Z,A,9,Fall,0,1,Open,1,159,390,NA,2009-03-20,79,2009,2,0,-4,0.9910241833642148,0.7911839035406181,NA
3D9.1C2D0807BE,TRUE,TRUE,FALSE,2013-04-17T15:03:00Z,NA,FALSE,2012,2012-09-09T15:52:00Z,B,9,Fall,1,1,Open,1,104,311,NA,2009-09-20,263,2009,2,0,-4,0.94382477385258845,0.9963235135042198,NA
3D9.1C2D09BCDE,FALSE,TRUE,FALSE,2012-04-04T02:49:00Z,NA,FALSE,2011,2011-09-18T12:25:00Z,A,9,Fall,0,1,Open,1,178,467,NA,2011-09-18,261,2011,4,2,-2,0.8884396996860368,0.9960941271893916,NA
3D9.1C2D0A1AD5,TRUE,FALSE,FALSE,2011-07-28T19:29:00Z,NA,FALSE,2011,2011-07-27T08:44:00Z,B,7,Fall,1,0,Open,1,983,3420,NA,2011-07-27,208,2011,4,2,-2,0.9606865276958704,0.7052683011136819,NA
3D9.1C2D0B0EE5,FALSE,TRUE,FALSE,2014-06-01T22:53:00Z,NA,FALSE,2013,2013-08-15T13:54:00Z,A,8,Fall,0,1,Open,1,199,693,259,2013-08-15,227,2013,6,4,0,0.957133016086402,0.9000897409698728,NA
3D9.1C2D0C9DE5,FALSE,TRUE,FALSE,2015-04-05T16:45:00Z,NA,FALSE,2014,2014-09-29T11:11:00Z,A,9,Fall,0,1,Open,1,126,455,456,2014-09-29,272,2014,7,5,1,0.8734108950573414,0.9930818675639372,0.9977471108770796
3D9.1C2D0CD4F2,TRUE,TRUE,FALSE,2014-04-07T00:31:00Z,NA,FALSE,2013,2013-09-15T15:00:00Z,B,9,Fall,1,1,Open,1,160,800,994,2013-09-15,258,2013,6,4,0,0.8711894742729954,0.9940180983482284,NA
3D9.1C2D0FFDE7,FALSE,TRUE,FALSE,2012-04-09T21:39:00Z,NA,FALSE,2011,2011-08-24T18:40:00Z,A,8,Fall,0,1,Open,1,345,918,NA,2011-08-24,236,2011,4,2,-2,0.954139483716122,0.9720988260137384,NA
3D9.1C2D1004F7,TRUE,FALSE,FALSE,2012-08-09T08:42:00Z,NA,FALSE,2012,2012-08-02T08:41:00Z,B,8,Fall,1,0,Open,1,133,NA,NA,2008-02-20,51,2008,1,-1,-5,0.9802843950213668,NA,NA
3D9.1C2D104B62,FALSE,TRUE,FALSE,2012-04-12T01:50:00Z,NA,FALSE,2011,2011-09-08T12:59:00Z,A,9,Fall,0,1,Open,1,117,436,NA,2009-08-20,232,2009,2,0,-4,0.9809073896858124,0.9575403160550688,NA
3D9.1C2D105E0C,FALSE,TRUE,FALSE,2015-05-21T16:35:00Z,NA,FALSE,2014,2014-09-08T13:30:00Z,A,9,Fall,0,1,Open,1,117,436,NA,2009-08-20,232,2009,2,0,-4,0.9809073896858124,0.9575403160550688,NA
3D9.1C2D1079AB,FALSE,TRUE,FALSE,2011-08-24T03:37:00Z,NA,FALSE,2011,2011-08-23T13:42:00Z,A,8,Fall,0,1,Open,1,340,918,NA,2011-08-23,235,2011,4,2,-2,0.9559113195321072,0.9688450224121103,NA
3D9.1C2D10B1BF,TRUE,TRUE,FALSE,2012-05-13T20:57:00Z,NA,FALSE,2011,2011-09-01T15:11:00Z,B,9,Fall,1,1,Open,1,230,540,NA,2009-01-20,20,2009,2,0,-4,0.9801371413596074,NA,NA
3D9.1C2D10C675,TRUE,TRUE,FALSE,2013-05-11T09:11:00Z,NA,FALSE,2012,2012-08-13T12:11:00Z,B,8,Fall,1,1,Open,1,293,816,NA,2012-08-13,226,2012,5,3,-1,0.9566145660912344,0.9086844667649392,NA
3D9.1C2D10F371,TRUE,TRUE,FALSE,2013-04-09T10:25:00Z,NA,FALSE,2012,2012-10-02T15:05:00Z,B,10,Fall,1,1,Open,1,125,364,NA,2010-02-20,51,2010,3,1,-3,0.978536069637103,0.9729555073406546,NA
3D9.1C2D10FC24,TRUE,TRUE,FALSE,2012-04-22T16:20:00Z,NA,FALSE,2011,2011-08-14T01:18:00Z,B,8,Fall,1,1,Open,1,454,1340,NA,2011-08-14,226,2011,4,2,-2,0.9653511378991384,0.9184088038124102,NA
3D9.1C2D111A1F,FALSE,TRUE,FALSE,2013-05-14T05:39:00Z,NA,FALSE,2012,2012-08-06T15:09:00Z,A,8,Fall,0,1,Open,1,1260,NA,NA,2008-06-20,172,2008,1,-1,-5,0.6278988920418648,NA,NA
3D9.1C2D112AF0,TRUE,FALSE,FALSE,2011-08-12T23:56:00Z,NA,FALSE,2011,2011-08-11T11:56:00Z,B,8,Fall,1,0,Open,1,374,NA,NA,2008-11-20,325,2008,1,-1,-5,0.9843962618367664,NA,NA
3D9.1C2D112CEB,TRUE,TRUE,FALSE,2012-04-22T15:08:00Z,NA,FALSE,2011,2011-08-20T13:15:00Z,B,8,Fall,1,1,Open,1,337,987,NA,2011-08-20,232,2011,4,2,-2,0.9603202289467152,0.9566523634298792,NA
3D9.1C2D11311B,FALSE,TRUE,FALSE,2013-04-05T22:43:00Z,NA,FALSE,2012,2012-08-23T15:00:00Z,A,8,Fall,0,1,Open,1,230,593,NA,2012-08-23,236,2012,5,3,-1,0.9427436101597976,0.9685543660173612,NA
3D9.1C2D113428,FALSE,TRUE,FALSE,2012-04-20T03:25:00Z,NA,FALSE,2011,2011-09-01T09:25:00Z,A,9,Fall,0,1,Open,1,261,695,NA,2011-09-01,244,2011,4,2,-2,0.8736394563655374,0.8586572915561265,NA
3D9.1C2D11440A,TRUE,FALSE,FALSE,2012-10-13T17:44:00Z,NA,FALSE,2012,2012-09-29T14:55:00Z,B,9,Fall,1,0,Open,1,125,325,NA,2012-09-29,273,2012,5,3,-1,0.8827339547254835,0.9955137002940896,NA
3D9.1C2D114A68,TRUE,TRUE,TRUE,2012-05-20T14:04:00Z,2011-09-30T22:42:00Z,FALSE,2011,2011-08-22T11:04:00Z,B,8,Fall,1,1,Open,1,335,929,NA,2011-08-22,234,2011,4,2,-2,0.9575313148533962,0.9652089818903556,NA
3D9.1C2D1156CC,FALSE,TRUE,FALSE,2012-04-07T15:45:00Z,NA,FALSE,2011,2011-09-16T14:09:00Z,A,9,Fall,0,1,Open,1,184,474,NA,2011-09-16,259,2011,4,2,-2,0.890779559022675,0.9958581042099196,NA
3D9.1C2D116EDE,FALSE,TRUE,FALSE,2013-04-25T16:44:00Z,NA,FALSE,2012,2012-09-28T09:24:00Z,A,9,Fall,0,1,Open,1,128,328,NA,2012-09-28,272,2012,5,3,-1,0.8794612984693305,0.995609090486714,NA
3D9.1C2D1173CB,FALSE,TRUE,FALSE,2013-07-31T23:36:00Z,NA,FALSE,2013,2013-05-29T16:01:00Z,A,5,Spring,0,1,Open,1,1120,4560,2980,2013-05-29,149,2013,6,4,0,0.7272074472075203,0.37762952526700705,NA
3D9.1C2D11894E,FALSE,TRUE,FALSE,2012-05-15T07:59:00Z,NA,FALSE,2011,2011-08-28T08:09:00Z,A,8,Fall,0,1,Open,1,301,803,NA,2011-08-28,240,2011,4,2,-2,0.9455311774156714,0.9819390383109248,NA
3D9.1C2D125685,TRUE,TRUE,TRUE,2014-04-26T15:21:00Z,2013-09-30T13:54:00Z,FALSE,2013,2013-09-10T23:10:00Z,B,9,Fall,1,1,Open,1,169,489,NA,2009-10-20,293,2009,2,0,-4,0.978485256349018,0.9910754460570308,NA
3D9.1C2D125BF9,TRUE,TRUE,TRUE,2014-04-29T13:44:00Z,2013-10-17T18:23:00Z,FALSE,2013,2013-08-25T12:59:00Z,B,8,Fall,1,1,Open,1,152,495,192,2013-08-25,237,2013,6,4,0,0.9419492532533452,0.965496110799782,NA
3D9.1C2D125E40,FALSE,TRUE,FALSE,2012-05-24T06:04:00Z,NA,FALSE,2011,2011-07-26T16:48:00Z,A,7,Fall,0,1,Open,1,1010,3440,NA,2011-07-26,207,2011,4,2,-2,0.959693342691382,0.6923777385870983,NA
3D9.1C2D127644,TRUE,FALSE,FALSE,2014-09-26T14:28:00Z,NA,FALSE,2014,2014-09-20T09:52:00Z,B,9,Fall,1,0,Open,1,109,325,291,2014-09-20,263,2014,7,5,1,0.855559013475918,0.9933077756015632,0.9978606596673616
3D9.1C2D45A06D,FALSE,TRUE,FALSE,2013-04-26T11:08:00Z,NA,FALSE,2010,2010-11-04T12:43:00Z,A,11,Fall,0,1,Open,1,396,1270,NA,2011-04-20,110,2011,4,2,-2,0.9392144580127892,0.49919757117883673,NA
3D9.1C2D45A35A,TRUE,TRUE,FALSE,2014-05-01T18:21:00Z,NA,FALSE,2013,2013-08-14T08:40:00Z,B,8,Fall,1,1,Open,1,216,755,259,2013-08-14,226,2013,6,4,0,0.9577822192542342,0.8898069120426668,NA
3D9.1C2D45B58B,FALSE,TRUE,FALSE,2014-05-28T07:02:00Z,NA,FALSE,2013,2013-10-17T10:38:00Z,A,10,Fall,0,1,Open,1,199,1000,440,2013-10-17,290,2013,6,4,0,0.939587916114671,0.9890763236035804,0.9955668789637756
3D9.1C2D45CE40,FALSE,TRUE,FALSE,2015-04-11T21:07:00Z,NA,FALSE,2014,2014-11-09T21:56:00Z,A,11,Fall,0,1,Open,1,171,451,NA,2011-09-20,263,2011,4,2,-2,0.8878248792091961,0.9962434458063022,NA
3D9.1C2D45D3BC,TRUE,TRUE,FALSE,2014-04-06T04:53:00Z,NA,FALSE,2013,2013-08-29T10:07:00Z,B,8,Fall,1,1,Open,1,159,514,353,2013-08-29,241,2013,6,4,0,0.9309057820754044,0.9774952736677462,NA
3D9.1C2D468254,TRUE,TRUE,FALSE,2014-11-03T17:33:00Z,NA,FALSE,2014,2014-07-25T18:59:00Z,B,7,Fall,1,1,Open,1,363,1190,353,2014-07-25,206,2014,7,5,1,0.945462848542192,0.5428853092044755,0.45236325764890906
3D9.1C2D473C57,FALSE,TRUE,FALSE,2015-05-19T14:12:00Z,NA,FALSE,2015,2015-03-29T14:37:00Z,A,3,Spring,0,1,Open,1,700,3130,805,2015-03-29,88,2015,8,6,2,0.9567858339666642,0.49339018137550894,0.30921213728040553
3D9.1C2D488FBA,FALSE,TRUE,FALSE,2015-03-20T21:22:00Z,NA,FALSE,2014,2014-09-25T15:20:00Z,A,9,Fall,0,1,Open,1,157,371,485,2014-09-25,268,2014,7,5,1,0.861975176335488,0.9934388819519494,0.9979812058892552
3D9.1C2D6FDC92,TRUE,TRUE,FALSE,2016-04-21T14:11:00Z,NA,FALSE,2015,2015-09-24T07:58:00Z,B,9,Fall,1,1,Open,1,79.1,242,236,2015-09-24,267,2015,8,6,2,0.7765021787439794,0.9919363971795688,0.9971438416482126
3D9.1C2D6FF6A1,TRUE,FALSE,FALSE,2015-10-03T11:03:00Z,NA,FALSE,2015,2015-09-19T08:59:00Z,B,9,Fall,1,0,Open,1,86.8,260,240,2015-09-19,262,2015,8,6,2,0.7704831855889038,0.9915988062535904,0.996814690505788
3D9.1C2D6FF6D8,TRUE,TRUE,FALSE,2017-04-29T18:46:00Z,NA,FALSE,2016,2016-08-16T16:07:00Z,B,8,Fall,1,1,Closed,0,174,548,254,2016-08-16,229,2016,9,7,3,0.8077945523384186,0.8654848196178774,0.7657200723426408
3D9.1C2D6FFE83,TRUE,TRUE,FALSE,2016-04-07T17:16:00Z,NA,FALSE,2015,2015-09-03T13:09:00Z,B,9,Fall,1,1,Open,1,106,276,225,2015-09-03,246,2015,8,6,2,0.7129511093536115,0.96270968299336,0.9706283470615652
3D9.1C2D6FFE88,FALSE,FALSE,FALSE,2016-09-19T14:24:00Z,NA,FALSE,2016,2016-09-19T14:24:00Z,A,9,Fall,0,0,Closed,0,136,361,381,2016-09-19,263,2016,9,7,3,0.5582048250336981,0.9908860978648278,0.9959869736973792
3D9.1C2D76E336,TRUE,TRUE,FALSE,2016-04-03T21:46:00Z,NA,FALSE,2015,2015-08-19T09:36:00Z,B,8,Fall,1,1,Open,1,93,250,173,2015-08-19,231,2015,8,6,2,0.9136463973548198,0.8991342896963622,0.8476954356691877
3D9.1C2D7705D1,FALSE,TRUE,FALSE,2013-05-04T20:36:00Z,NA,FALSE,2012,2012-10-06T09:37:00Z,A,10,Fall,0,1,Open,1,119,354,NA,2012-10-06,280,2012,5,3,-1,0.7538219123050769,0.9456099913471492,NA
3D9.1C2D770E92,FALSE,TRUE,FALSE,2014-05-01T02:04:00Z,NA,FALSE,2013,2013-09-16T08:51:00Z,A,9,Fall,0,1,Open,1,180,798,1060,2013-09-16,259,2013,6,4,0,0.8691291389792061,0.9942357554207216,NA
3D9.1C2D774C1E,FALSE,TRUE,FALSE,2014-11-06T11:33:00Z,NA,FALSE,2014,2014-08-21T09:02:00Z,A,8,Fall,0,1,Open,1,194,613,439,2014-08-21,233,2014,7,5,1,0.945961417462749,0.9326543460655378,0.9124988457554924
3D9.1C2D778E8A,TRUE,TRUE,FALSE,2014-05-04T14:34:00Z,NA,FALSE,2013,2013-10-08T14:46:00Z,B,10,Fall,1,1,Open,1,246,653,NA,2010-08-20,232,2010,3,1,-3,0.9746278703578268,0.9581221298303896,NA
3D9.1C2D7D4788,FALSE,TRUE,FALSE,2016-03-29T22:18:00Z,NA,FALSE,2015,2015-08-27T14:56:00Z,A,8,Fall,0,1,Open,1,84.9,239,218,2015-08-27,239,2015,8,6,2,0.8852040977745771,0.9566480101100396,0.9470760951407524
3D9.1C2D7D8637,FALSE,TRUE,FALSE,2017-04-28T22:53:00Z,NA,FALSE,2016,2016-09-25T19:16:00Z,A,9,Fall,0,1,Closed,0,110,362,447,2016-09-25,269,2016,9,7,3,0.5762791880436682,0.9909925918348136,0.9961503443156408
3D9.1C2D8D4137,FALSE,TRUE,FALSE,2013-09-29T15:33:00Z,NA,FALSE,2013,2013-09-28T11:38:00Z,A,9,Fall,0,1,Open,1,136,706,564,2013-09-28,271,2013,6,4,0,0.8794183205092159,0.9946927659120108,NA
3D9.1C2D9188B0,TRUE,TRUE,FALSE,2013-04-13T16:06:00Z,NA,FALSE,2012,2012-08-13T08:09:00Z,B,8,Fall,1,1,Open,1,293,816,NA,2012-08-13,226,2012,5,3,-1,0.9566145660912344,0.9086844667649392,NA
3D9.1C2D91CAE6,FALSE,TRUE,FALSE,2014-04-29T17:39:00Z,NA,FALSE,2013,2013-09-22T09:27:00Z,A,9,Fall,0,1,Open,1,135,721,1130,2013-09-22,265,2013,6,4,0,0.8668620510082279,0.994877632289556,NA
3D9.1C2D91FF33,TRUE,FALSE,FALSE,2015-08-18T10:06:00Z,NA,FALSE,2015,2015-08-12T06:34:00Z,B,8,Fall,1,0,Open,1,135,NA,NA,2008-12-20,355,2008,1,-1,-5,0.9789707510844392,NA,NA
3D9.1C2D9207E9,TRUE,FALSE,FALSE,2014-08-17T12:14:00Z,NA,FALSE,2014,2014-08-12T08:24:00Z,B,8,Fall,1,0,Open,1,135,NA,NA,2008-12-20,355,2008,1,-1,-5,0.9789707510844392,NA,NA
3D9.1C2D920C3E,TRUE,FALSE,FALSE,2014-10-11T07:20:00Z,NA,FALSE,2014,2014-09-27T09:38:00Z,B,9,Fall,1,0,Open,1,151,475,545,2014-09-27,270,2014,7,5,1,0.8671710408449667,0.9933089408553318,0.997897704793964
3D9.1C2D9211FC,FALSE,TRUE,FALSE,2013-04-20T02:47:00Z,NA,FALSE,2012,2012-08-21T16:09:00Z,A,8,Fall,0,1,Open,1,244,627,NA,2012-08-21,234,2012,5,3,-1,0.9469313990056788,0.9608245349265948,NA
3D9.1C2D925BD1,FALSE,TRUE,FALSE,2015-08-19T09:53:00Z,NA,FALSE,2013,2013-08-03T07:56:00Z,A,8,Fall,0,1,Open,1,184,NA,NA,2008-03-20,80,2008,1,-1,-5,0.98914018178345,NA,NA
3D9.1C2D925C72,FALSE,TRUE,FALSE,2014-04-25T05:47:00Z,NA,FALSE,2013,2013-09-27T16:58:00Z,A,9,Fall,0,1,Open,1,130,705,528,2013-09-27,270,2013,6,4,0,0.8765930167323219,0.9947721516512424,NA
3D9.1C2D92606A,FALSE,TRUE,FALSE,2013-08-10T22:54:00Z,NA,FALSE,2013,2013-08-03T08:52:00Z,A,8,Fall,0,1,Open,1,184,NA,NA,2008-03-20,80,2008,1,-1,-5,0.8452978927616132,NA,NA
3D9.1C2D926486,TRUE,TRUE,FALSE,2014-06-19T17:04:00Z,NA,FALSE,2013,2013-08-23T12:54:00Z,B,8,Fall,1,1,Open,1,154,511,195,2013-08-23,235,2013,6,4,0,0.946394813159792,0.9570976863452084,NA
3D9.1C2D92648B,FALSE,TRUE,FALSE,2015-03-21T16:57:00Z,NA,FALSE,2014,2014-08-05T14:34:00Z,A,8,Fall,0,1,Open,1,3230,NA,NA,2008-05-20,141,2008,1,-1,-5,0.849208918537318,NA,NA
3D9.1C2D9271C9,FALSE,TRUE,FALSE,2013-04-05T14:48:00Z,NA,FALSE,2012,2012-08-22T16:25:00Z,A,8,Fall,0,1,Open,1,236,607,NA,2012-08-22,235,2012,5,3,-1,0.94493031757081,0.9649021356047168,NA
3D9.1C2D927CB3,TRUE,TRUE,TRUE,2014-04-10T01:25:00Z,2013-10-31T00:39:00Z,FALSE,2013,2013-09-21T08:28:00Z,B,9,Fall,1,1,Open,1,140,743,1140,2013-09-21,264,2013,6,4,0,0.8660441861214305,0.9948361553394038,NA
3D9.1C2D928486,TRUE,FALSE,FALSE,2014-08-20T11:49:00Z,NA,FALSE,2014,2014-08-13T16:00:00Z,B,8,Fall,1,0,Open,1,308,501,952,2014-08-13,225,2014,7,5,1,0.95480352973732,0.8497618849276973,0.7932149031068112
3D9.1C2D928A8E,TRUE,TRUE,TRUE,2016-05-29T15:23:00Z,2016-03-02T22:38:00Z,FALSE,2015,2015-09-15T11:51:00Z,B,9,Fall,1,1,Open,1,82.4,241,245,2015-09-15,258,2015,8,6,2,0.7787418938739648,0.9905551627134908,0.9958193184641226
3D9.1C2D928AF2,FALSE,TRUE,FALSE,2015-03-28T11:49:00Z,NA,FALSE,2014,2014-09-20T07:00:00Z,A,9,Fall,0,1,Open,1,109,325,291,2014-09-20,263,2014,7,5,1,0.855559013475918,0.9933077756015632,0.9978606596673616
3D9.1C2D92A08C,TRUE,TRUE,FALSE,2014-05-17T22:01:00Z,NA,FALSE,2013,2013-08-14T06:42:00Z,B,8,Fall,1,1,Open,1,216,755,259,2013-08-14,226,2013,6,4,0,0.9577822192542342,0.8898069120426668,NA
3D9.1C2D92CBDE,FALSE,TRUE,FALSE,2013-04-10T03:38:00Z,NA,FALSE,2012,2012-08-20T18:17:00Z,A,8,Fall,0,1,Open,1,253,651,NA,2012-08-20,233,2012,5,3,-1,0.9487477051616484,0.9562842750203722,NA
3D9.1C2D92CE2F,TRUE,TRUE,FALSE,2015-05-08T18:21:00Z,NA,FALSE,2014,2014-08-09T14:18:00Z,B,8,Fall,1,1,Open,1,97,NA,NA,2008-09-20,264,2008,1,-1,-5,0.9321757538383424,NA,NA
3D9.1C2D92DABB,TRUE,TRUE,TRUE,2015-03-22T13:13:00Z,2014-10-06T16:08:00Z,FALSE,2014,2014-09-17T07:37:00Z,B,9,Fall,1,1,Open,1,107,339,218,2014-09-17,260,2014,7,5,1,0.8575138328185294,0.9928542441728058,0.9974880124487248
3D9.1C2D9303CC,TRUE,TRUE,TRUE,2015-03-10T20:16:00Z,2013-09-05T07:26:00Z,FALSE,2013,2013-08-25T16:48:00Z,B,8,Fall,1,1,Open,1,152,495,192,2013-08-25,237,2013,6,4,0,0.9419492532533452,0.965496110799782,NA
3D9.1C2D9328F3,TRUE,TRUE,FALSE,2016-03-21T02:57:00Z,NA,FALSE,2015,2015-08-31T14:06:00Z,B,8,Fall,1,1,Open,1,124,253,234,2015-08-31,243,2015,8,6,2,0.8641416829756807,0.97126094235609,0.971004032777492
3D9.1C2D932CD1,TRUE,FALSE,FALSE,2014-07-23T04:43:00Z,NA,FALSE,2014,2014-07-21T06:18:00Z,B,7,Fall,1,0,Open,1,418,1140,270,2014-07-21,202,2014,7,5,1,0.9387395065642876,0.4897533020575134,0.4043229775885816
3D9.1C2D93442C,FALSE,TRUE,FALSE,2014-04-24T15:51:00Z,NA,FALSE,2013,2013-09-19T12:31:00Z,A,9,Fall,0,1,Open,1,151,803,1280,2013-09-19,262,2013,6,4,0,0.8657867592239594,0.9946811461938442,NA
3D9.1C2D9349B5,TRUE,TRUE,FALSE,2015-05-13T07:44:00Z,NA,FALSE,2014,2014-08-03T05:23:00Z,B,8,Fall,1,1,Open,1,265,713,259,2014-08-03,215,2014,7,5,1,0.8773433785078101,0.8538452049980279,0.9571688364813612
3D9.1C2D935231,FALSE,TRUE,FALSE,2015-05-25T03:31:00Z,NA,FALSE,2014,2014-09-23T09:45:00Z,A,9,Fall,0,1,Open,1,108,327,313,2014-09-23,266,2014,7,5,1,0.8581357311865138,0.9934685770871606,0.9979946651030736
3D9.1C2D935893,FALSE,TRUE,FALSE,2014-04-15T03:32:00Z,NA,FALSE,2013,2013-10-09T12:34:00Z,A,10,Fall,0,1,Open,1,274,644,NA,2010-09-20,263,2010,3,1,-3,0.9262656574274876,0.9963759028001622,NA
3D9.1C2D9495B9,TRUE,TRUE,FALSE,2015-04-07T22:14:00Z,NA,FALSE,2014,2014-09-19T04:44:00Z,B,9,Fall,1,1,Open,1,108,330,275,2014-09-19,262,2014,7,5,1,0.8556755758827752,0.993192638387438,0.9977660475721636
3D9.1C2D94B98C,TRUE,TRUE,FALSE,2015-04-09T22:36:00Z,NA,FALSE,2014,2014-09-19T07:41:00Z,B,9,Fall,1,1,Open,1,108,330,275,2014-09-19,262,2014,7,5,1,0.8556755758827752,0.993192638387438,0.9977660475721636
3D9.1C2D95B9B5,FALSE,TRUE,FALSE,2016-04-03T12:24:00Z,NA,FALSE,2015,2015-10-04T12:13:00Z,A,10,Fall,0,1,Open,1,459,2570,NA,2010-04-20,110,2010,3,1,-3,0.9608218946134676,0.5082042935620461,NA
3D9.1C2D96078C,TRUE,FALSE,FALSE,2014-08-20T13:27:00Z,NA,FALSE,2014,2014-08-18T07:29:00Z,B,8,Fall,1,0,Open,1,226,713,1070,2014-08-18,230,2014,7,5,1,0.9505383556113524,0.9077033687331352,0.8745657800640257
3D9.1C2D98EDFE,TRUE,FALSE,FALSE,2015-08-19T10:45:00Z,NA,FALSE,2015,2015-08-16T16:36:00Z,B,8,Fall,1,0,Open,1,102,272,238,2015-08-16,228,2015,8,6,2,0.9193696828435424,0.863995099672594,0.7919029006966554
3D9.1C2D99DEAF,TRUE,TRUE,TRUE,2017-04-01T22:32:00Z,2016-10-17T11:35:00Z,FALSE,2016,2016-08-02T20:53:00Z,B,8,Fall,1,1,Closed,0,259,875,1470,2016-08-02,215,2016,9,7,3,0.874556781080125,0.8129353258583393,0.2593151549648996
3D9.1C2D9BC1E9,FALSE,TRUE,FALSE,2015-02-17T02:41:00Z,NA,FALSE,2014,2014-08-17T10:14:00Z,A,8,Fall,0,1,Open,1,249,772,1090,2014-08-17,229,2014,7,5,1,0.9516967395172636,0.8977901577915309,0.8599924882031899
3D9.1C2D9C02FA,FALSE,TRUE,FALSE,2014-04-03T12:25:00Z,NA,FALSE,2013,2013-09-21T12:55:00Z,A,9,Fall,0,1,Open,1,140,743,1140,2013-09-21,264,2013,6,4,0,0.8660441861214305,0.9948361553394038,NA
3D9.1C2D9E8110,TRUE,FALSE,FALSE,2014-07-17T15:29:00Z,NA,FALSE,2014,2014-07-10T06:13:00Z,B,7,Fall,1,0,Open,1,153,NA,NA,2007-10-20,293,2007,0,-2,-6,NA,NA,NA
3D9.1C2D9EC694,FALSE,TRUE,FALSE,2014-04-05T22:08:00Z,NA,FALSE,2013,2013-10-09T08:21:00Z,A,10,Fall,0,1,Open,1,274,644,NA,2010-09-20,263,2010,3,1,-3,0.9262656574274876,0.9963759028001622,NA
3D9.1C2D9EDD36,TRUE,TRUE,TRUE,2014-06-08T16:57:00Z,2014-04-12T10:03:00Z,FALSE,2013,2013-08-31T15:38:00Z,B,8,Fall,1,1,Open,1,179,627,352,2013-08-31,243,2013,6,4,0,0.9243722376303132,0.9816671485825866,NA
3D9.1C2D9EF42F,FALSE,TRUE,FALSE,2013-09-06T06:18:00Z,NA,FALSE,2013,2013-08-30T15:45:00Z,A,8,Fall,0,1,Open,1,194,566,353,2013-08-30,242,2013,6,4,0,0.9277171830388956,0.9797072817205982,NA
3D9.1C2D9EF5C0,FALSE,TRUE,FALSE,2015-05-24T19:33:00Z,NA,FALSE,2014,2014-10-14T10:01:00Z,A,10,Fall,0,1,Open,1,104,381,436,2014-10-14,287,2014,7,5,1,0.9265399398756892,0.987938936094849,0.994411824071176
3D9.1C2D9EF5D0,TRUE,TRUE,FALSE,2014-04-18T16:58:00Z,NA,FALSE,2013,2013-09-26T08:45:00Z,B,9,Fall,1,1,Open,1,132,722,507,2013-09-26,269,2013,6,4,0,0.8740115201413823,0.994832573547206,NA
3D9.1C2D9F0CEC,TRUE,FALSE,FALSE,2013-07-25T12:01:00Z,NA,FALSE,2013,2013-07-21T15:17:00Z,B,7,Fall,1,0,Open,1,363,1110,1250,2013-07-21,202,2013,6,4,0,0.9434161581215976,0.5516282924743691,NA
3D9.1C2D9F0CFB,TRUE,TRUE,FALSE,2014-04-24T11:39:00Z,NA,FALSE,2013,2013-08-28T08:25:00Z,B,8,Fall,1,1,Open,1,152,511,290,2013-08-28,240,2013,6,4,0,0.9339289884748486,0.9750015563956816,NA
3D9.1C2D9F669E,FALSE,TRUE,FALSE,2014-05-01T20:20:00Z,NA,FALSE,2013,2013-08-26T16:02:00Z,A,8,Fall,0,1,Open,1,150,485,195,2013-08-26,238,2013,6,4,0,0.939454509335064,0.9690378391938828,NA
3D9.1C2D9FD13B,TRUE,TRUE,FALSE,2017-04-10T20:01:00Z,NA,FALSE,2016,2016-08-18T13:45:00Z,B,8,Fall,1,1,Closed,0,171,505,252,2016-08-18,231,2016,9,7,3,0.7994362597126646,0.8897629464668074,0.8086779455728953
3D9.1C2D9FDE14,TRUE,TRUE,FALSE,2017-04-27T11:36:00Z,NA,FALSE,2016,2016-07-22T11:40:00Z,B,7,Fall,1,1,Closed,0,369,1170,1130,2016-07-22,204,2016,9,7,3,0.7770657028456213,0.43776213120470625,0.2839292982126436
3D9.1C2DA13E28,FALSE,FALSE,FALSE,2016-04-12T18:38:00Z,NA,FALSE,2016,2016-04-12T18:38:00Z,A,4,Spring,0,0,Closed,0,2090,8580,1120,2016-04-12,103,2016,9,7,3,0.3299022351188817,0.12117203590364346,0.39523219862177567
3D9.1C2DBE5BF6,FALSE,TRUE,FALSE,2016-04-28T09:21:00Z,NA,FALSE,2015,2015-09-22T12:21:00Z,A,9,Fall,0,1,Open,1,84.9,242,238,2015-09-22,265,2015,8,6,2,0.7721210610626779,0.991908232107286,0.9971088899727302
3D9.1C2DBE806F,FALSE,TRUE,FALSE,2016-03-08T16:12:00Z,NA,FALSE,2015,2015-08-22T16:45:00Z,A,8,Fall,0,1,Open,1,92.2,234,222,2015-08-22,234,2015,8,6,2,0.9052505868198288,0.9262603595269024,0.8938453618649195
3D9.1C2DD2FCC8,FALSE,TRUE,FALSE,2014-04-21T00:02:00Z,NA,FALSE,2013,2013-08-22T13:28:00Z,A,8,Fall,0,1,Open,1,159,525,197,2013-08-22,234,2013,6,4,0,0.9483455878638932,0.952158336307494,NA
3D9.1C2DD554EA,FALSE,TRUE,FALSE,2015-04-22T16:11:00Z,NA,FALSE,2014,2014-09-29T12:15:00Z,A,9,Fall,0,1,Open,1,126,455,456,2014-09-29,272,2014,7,5,1,0.8734108950573414,0.9930818675639372,0.9977471108770796
3D9.1C2DD57BAA,TRUE,TRUE,TRUE,2017-04-13T14:21:00Z,2017-01-04T10:32:00Z,FALSE,2016,2016-09-08T01:43:00Z,B,9,Fall,1,1,Closed,0,117,436,NA,2009-08-20,232,2009,2,0,-4,0.9809073896858124,0.9575403160550688,NA
3D9.1C2DD6A680,TRUE,TRUE,TRUE,2015-03-18T11:28:00Z,2014-09-28T17:50:00Z,FALSE,2014,2014-07-13T13:28:00Z,B,7,Fall,1,1,Open,1,590,1570,702,2014-07-13,194,2014,7,5,1,0.9192904527388732,0.40914186493871535,0.3379412272594155
3D9.1C2DD6CFCF,FALSE,TRUE,FALSE,2016-05-05T13:55:00Z,NA,FALSE,2015,2015-09-15T14:11:00Z,A,9,Fall,0,1,Open,1,82.4,241,245,2015-09-15,258,2015,8,6,2,0.7787418938739648,0.9905551627134908,0.9958193184641226
3D9.1C2DD6D852,TRUE,TRUE,TRUE,2017-03-25T01:55:00Z,2016-10-18T14:04:00Z,FALSE,2016,2016-09-20T16:48:00Z,B,9,Fall,1,1,Closed,0,125,364,411,2016-09-20,264,2016,9,7,3,0.5589841536263631,0.9909988112206182,0.9961145102259514
3D9.1C2DD6E534,FALSE,TRUE,FALSE,2014-04-14T00:26:00Z,NA,FALSE,2013,2013-09-24T13:42:00Z,A,9,Fall,0,1,Open,1,150,735,908,2013-09-24,267,2013,6,4,0,0.8697290258252705,0.9948955149385188,NA
3D9.1C2DD6EFA4,FALSE,TRUE,FALSE,2015-05-05T21:01:00Z,NA,FALSE,2014,2014-10-07T11:48:00Z,A,10,Fall,0,1,Open,1,737,2030,NA,2010-07-20,201,2010,3,1,-3,0.9691519917032556,0.6289303979032378,NA
3D9.1C2DD6F2D1,TRUE,TRUE,FALSE,2016-05-19T20:23:00Z,NA,FALSE,2015,2015-08-09T15:25:00Z,B,8,Fall,1,1,Open,1,97,NA,NA,2008-09-20,264,2008,1,-1,-5,0.9321757538383424,NA,NA
3D9.1C2DD6F3B7,FALSE,TRUE,FALSE,2015-04-25T13:59:00Z,NA,FALSE,2014,2014-10-07T07:05:00Z,A,10,Fall,0,1,Open,1,737,2030,NA,2010-07-20,201,2010,3,1,-3,0.9691519917032556,0.6289303979032378,NA
3D9.1C2DD6F51A,TRUE,TRUE,FALSE,2016-05-30T19:35:00Z,NA,FALSE,2015,2015-07-06T14:40:00Z,B,7,Fall,1,1,Open,1,1150,NA,NA,2007-06-20,171,2007,0,-2,-6,0.6782471882521579,NA,NA
3D9.1C2DD71B0E,FALSE,TRUE,FALSE,2016-05-01T23:20:00Z,NA,FALSE,2015,2015-09-30T10:57:00Z,A,9,Fall,0,1,Open,1,77.4,249,230,2015-09-30,273,2015,8,6,2,0.8012162833408647,0.9912776359084,0.9966443178989522
3D9.1C2DD71CC0,FALSE,TRUE,FALSE,2015-05-18T21:26:00Z,NA,FALSE,2014,2014-09-26T09:09:00Z,A,9,Fall,0,1,Open,1,160,410,524,2014-09-26,269,2014,7,5,1,0.8644229333741481,0.9933861616640473,0.9979479095413984
3D9.1C2DD727C3,FALSE,TRUE,FALSE,2016-05-27T19:15:00Z,NA,FALSE,2015,2015-11-02T16:06:00Z,A,11,Fall,0,1,Open,1,229,580,NA,2011-02-20,51,2011,4,2,-2,0.9663562305788692,0.9719911217409384,NA
3D9.1C2DD727E4,FALSE,TRUE,FALSE,2014-05-01T21:11:00Z,NA,FALSE,2013,2013-09-21T16:27:00Z,A,9,Fall,0,1,Open,1,140,743,1140,2013-09-21,264,2013,6,4,0,0.8660441861214305,0.9948361553394038,NA
3D9.1C2DD731BF,TRUE,TRUE,TRUE,2015-05-21T04:27:00Z,2014-12-02T10:52:00Z,FALSE,2014,2014-10-02T11:41:00Z,B,10,Fall,1,1,Open,1,125,364,NA,2010-02-20,51,2010,3,1,-3,0.76691154746286,0.9421537512180622,NA
3D9.1C2DD735C3,TRUE,TRUE,FALSE,2015-05-20T13:44:00Z,NA,FALSE,2014,2014-08-26T06:14:00Z,B,8,Fall,1,1,Open,1,173,638,283,2014-08-26,238,2014,7,5,1,0.934473170014656,0.9606567766071328,0.9562773942619216
3D9.1C2DD7366D,FALSE,FALSE,FALSE,2014-09-25T19:04:00Z,NA,FALSE,2014,2014-09-25T19:04:00Z,A,9,Fall,0,0,Open,1,157,371,485,2014-09-25,268,2014,7,5,1,0.861975176335488,0.9934388819519494,0.9979812058892552
3D9.1C2DD744B0,FALSE,FALSE,FALSE,2014-09-02T15:51:00Z,NA,FALSE,2014,2014-09-02T15:51:00Z,A,9,Fall,0,0,Open,1,144,410,NA,2009-02-20,51,2009,2,0,-4,0.9838643361834478,NA,NA
3D9.1C2DD750C8,TRUE,TRUE,TRUE,2014-04-12T15:52:00Z,2013-09-30T18:06:00Z,FALSE,2013,2013-09-06T08:21:00Z,B,9,Fall,1,1,Open,1,274,706,322,2013-09-06,249,2013,6,4,0,0.874918625713255,0.8556354974368535,0.9272988050263852
3D9.1C2DD88BF0,TRUE,TRUE,FALSE,2016-03-16T02:53:00Z,NA,FALSE,2015,2015-09-19T15:58:00Z,B,9,Fall,1,1,Open,1,86.8,260,240,2015-09-19,262,2015,8,6,2,0.7704831855889038,0.9915988062535904,0.996814690505788
3D9.1C2DD92F5A,FALSE,TRUE,FALSE,2015-03-21T01:13:00Z,NA,FALSE,2014,2014-10-03T01:55:00Z,A,10,Fall,0,1,Open,1,160,500,NA,2010-03-20,79,2010,3,1,-3,0.9880314569933488,0.7935537854836177,NA
3D9.1C2DD95942,TRUE,TRUE,FALSE,2015-04-07T23:08:00Z,NA,FALSE,2014,2014-08-25T04:32:00Z,B,8,Fall,1,1,Open,1,191,681,341,2014-08-25,237,2014,7,5,1,0.937159437806336,0.9561996805311512,0.9493940041837572
3D9.1C2DD967D1,FALSE,TRUE,FALSE,2016-05-04T14:35:00Z,NA,FALSE,2015,2015-10-02T11:41:00Z,A,10,Fall,0,1,Open,1,125,364,NA,2010-02-20,51,2010,3,1,-3,0.978536069637103,0.9729555073406546,NA
3D9.1C2DD97614,FALSE,TRUE,FALSE,2016-04-17T09:41:00Z,NA,FALSE,2015,2015-10-15T17:12:00Z,A,10,Fall,0,1,Open,1,93.1,324,320,2015-10-15,288,2015,8,6,2,0.8816898701706541,0.98440006420747606,0.9916036894447472
3D9.1C2DD9FE18,TRUE,TRUE,FALSE,2016-04-19T09:57:00Z,NA,FALSE,2015,2015-08-31T06:22:00Z,B,8,Fall,1,1,Open,1,124,253,234,2015-08-31,243,2015,8,6,2,0.8641416829756807,0.97126094235609,0.971004032777492
3D9.1C2DDA0B75,TRUE,FALSE,FALSE,2016-06-15T22:27:00Z,NA,FALSE,2015,2015-08-20T09:18:00Z,B,8,Fall,1,0,Open,1,86.7,242,208,2015-08-20,232,2015,8,6,2,0.911154210413379,0.909027438853859,0.8642232160969959
3D9.1C2DDA18FB,FALSE,TRUE,FALSE,2014-10-26T13:35:00Z,NA,FALSE,2014,2014-10-07T11:58:00Z,A,10,Fall,0,1,Open,1,737,2030,NA,2010-07-20,201,2010,3,1,-3,0.9691519917032556,0.6289303979032378,NA
3D9.1C2DDA1A16,FALSE,TRUE,FALSE,2015-05-20T02:31:00Z,NA,FALSE,2014,2014-08-23T12:08:00Z,A,8,Fall,0,1,Open,1,188,824,353,2014-08-23,235,2014,7,5,1,0.9419491988522288,0.9456657981824016,0.9328829771153132
3D9.1C2DDA30C0,TRUE,TRUE,TRUE,2016-03-26T21:37:00Z,2016-03-13T14:04:00Z,FALSE,2015,2015-09-18T09:40:00Z,B,9,Fall,1,1,Open,1,89,256,242,2015-09-18,261,2015,8,6,2,0.7714093343301198,0.9914139209146524,0.9966391585093958
3D9.1C2DDA355C,TRUE,TRUE,FALSE,2015-05-10T15:27:00Z,NA,FALSE,2014,2014-07-19T12:29:00Z,B,7,Fall,1,1,Open,1,462,1220,206,2014-07-19,200,2014,7,5,1,0.9346622977427994,0.4664230308515857,0.38423740350548574
3D9.1C2DDA377B,TRUE,FALSE,FALSE,2014-08-24T17:19:00Z,NA,FALSE,2014,2014-08-21T20:11:00Z,B,8,Fall,1,0,Open,1,194,613,439,2014-08-21,233,2014,7,5,1,0.945961417462749,0.9326543460655378,0.9124988457554924
3D9.1C2DDA45E3,FALSE,TRUE,FALSE,2015-06-02T11:37:00Z,NA,FALSE,2014,2014-09-17T05:53:00Z,A,9,Fall,0,1,Open,1,107,339,218,2014-09-17,260,2014,7,5,1,0.8575138328185294,0.9928542441728058,0.9974880124487248
3D9.1C2DDA6121,FALSE,TRUE,FALSE,2015-05-21T13:21:00Z,NA,FALSE,2014,2014-09-16T14:56:00Z,A,9,Fall,0,1,Open,1,110,346,218,2014-09-16,259,2014,7,5,1,0.8592288178762706,0.9926235271373784,0.9972977446198236
3D9.1C2DDA7844,TRUE,TRUE,FALSE,2016-04-12T15:13:00Z,NA,FALSE,2015,2015-09-11T17:34:00Z,B,9,Fall,1,1,Open,1,183,521,NA,2009-11-20,324,2009,2,0,-4,0.9872574863670058,0.9644483054226988,NA
3D9.1C2DDA86B3,TRUE,FALSE,FALSE,2015-08-17T10:28:00Z,NA,FALSE,2015,2015-08-15T15:49:00Z,B,8,Fall,1,0,Open,1,102,261,239,2015-08-15,227,2015,8,6,2,0.9207567195004824,0.8504331662373191,0.7715311960381706
3D9.1C2DDAC3C7,FALSE,TRUE,FALSE,2015-05-27T11:38:00Z,NA,FALSE,2014,2014-10-25T00:17:00Z,A,10,Fall,0,1,Open,1,211,651,567,2014-10-25,298,2014,7,5,1,0.9498072324076612,0.979431030783309,0.992795042918392
3D9.1C2DDAD709,FALSE,TRUE,FALSE,2014-09-23T04:22:00Z,NA,FALSE,2014,2014-09-17T14:24:00Z,A,9,Fall,0,1,Open,1,107,339,218,2014-09-17,260,2014,7,5,1,0.8575138328185294,0.9928542441728058,0.9974880124487248
3D9.1C2DDAE3FC,TRUE,TRUE,FALSE,2014-11-06T12:58:00Z,NA,FALSE,2014,2014-08-26T16:47:00Z,B,8,Fall,1,1,Open,1,173,638,283,2014-08-26,238,2014,7,5,1,0.934473170014656,0.9606567766071328,0.9562773942619216
3D9.1C2DDAFB7F,TRUE,TRUE,FALSE,2015-04-18T20:33:00Z,NA,FALSE,2014,2014-08-13T12:01:00Z,B,8,Fall,1,1,Open,1,308,501,952,2014-08-13,225,2014,7,5,1,0.95480352973732,0.8497618849276973,0.7932149031068112
3D9.1C2DDAFC23,FALSE,TRUE,FALSE,2016-03-31T22:24:00Z,NA,FALSE,2015,2015-10-13T05:46:00Z,A,10,Fall,0,1,Open,1,104,345,318,2015-10-13,286,2015,8,6,2,0.8724399794061478,0.985823495387642,0.9924890145320284
3D9.1C2DDB28A5,TRUE,FALSE,FALSE,2016-08-21T17:40:00Z,NA,FALSE,2016,2016-08-19T10:49:00Z,B,8,Fall,1,0,Closed,0,171,489,253,2016-08-19,232,2016,9,7,3,0.7943897129662653,0.9004735157280116,0.8285836279777308
3D9.1C2DDB54B2,TRUE,TRUE,FALSE,2016-03-13T09:44:00Z,NA,FALSE,2015,2015-09-06T06:30:00Z,B,9,Fall,1,1,Open,1,94.8,269,214,2015-09-06,249,2015,8,6,2,0.663507344465345,0.9636466607437448,0.9735505712668016
3D9.1C2DDB8BE6,TRUE,TRUE,FALSE,2016-03-21T20:55:00Z,NA,FALSE,2015,2015-09-17T11:34:00Z,B,9,Fall,1,1,Open,1,84.5,252,242,2015-09-17,260,2015,8,6,2,0.7731188250498048,0.9911818860236176,0.9964186755826958
3D9.1C2DE3B2A9,FALSE,TRUE,FALSE,2017-04-28T15:19:00Z,NA,FALSE,2017,2017-04-14T14:55:00Z,A,4,Spring,0,1,Closed,0,816,2500,1010,2017-04-14,104,2017,10,8,4,0.625680695949432,0.33246299234845655,0.16141911121179095
3D9.1C2DE3CB54,FALSE,TRUE,FALSE,2016-06-22T05:56:00Z,NA,FALSE,2016,2016-05-30T18:23:00Z,A,5,Spring,0,1,Closed,0,1210,4110,1710,2016-05-30,151,2016,9,7,3,0.34826781091892106,0.2569100727227504,0.2016181376506751
3D9.1C2DE3F265,FALSE,TRUE,FALSE,2017-04-15T22:51:00Z,NA,FALSE,2016,2016-08-13T12:14:00Z,A,8,Fall,0,1,Closed,0,189,622,253,2016-08-13,226,2016,9,7,3,0.8164372268853594,0.8218936743448527,0.6954831765347521
3D9.1C2DE40CD5,FALSE,TRUE,FALSE,2017-03-28T08:16:00Z,NA,FALSE,2016,2016-07-03T04:45:00Z,A,7,Fall,0,1,Closed,0,842,NA,NA,2007-03-20,79,2007,0,-2,-6,NA,NA,NA
3D9.1C2DE50622,TRUE,TRUE,TRUE,2015-04-17T02:00:00Z,2015-03-15T10:06:00Z,FALSE,2014,2014-09-18T09:04:00Z,B,9,Fall,1,1,Open,1,107,331,232,2014-09-18,261,2014,7,5,1,0.8563220606695207,0.9930425824605874,0.9976428177816432
3D9.1C2DE55E7C,FALSE,TRUE,FALSE,2015-04-23T03:23:00Z,NA,FALSE,2015,2015-04-22T16:17:00Z,A,4,Spring,0,1,Open,1,815,3740,631,2015-04-22,112,2015,8,6,2,0.8479278770071434,0.3035434706014445,0.22439353895260128
3D9.1C2DE5E840,FALSE,TRUE,FALSE,2015-04-19T22:43:00Z,NA,FALSE,2014,2014-09-16T10:26:00Z,A,9,Fall,0,1,Open,1,110,346,218,2014-09-16,259,2014,7,5,1,0.8592288178762706,0.9926235271373784,0.9972977446198236
3D9.1C2DE9FE13,FALSE,TRUE,FALSE,2017-04-15T01:07:00Z,NA,FALSE,2016,2016-10-13T12:03:00Z,A,10,Fall,0,1,Closed,0,169,495,579,2016-10-13,287,2016,9,7,3,0.729030804802069,0.9836065301723907,0.989549199619284
3D9.1C2DEA993C,TRUE,TRUE,FALSE,2017-04-01T23:23:00Z,NA,FALSE,2016,2016-09-25T17:30:00Z,B,9,Fall,1,1,Closed,0,110,362,447,2016-09-25,269,2016,9,7,3,0.5762791880436682,0.9909925918348136,0.9961503443156408
3D9.1C2DEABA1D,TRUE,TRUE,FALSE,2016-04-07T14:46:00Z,NA,FALSE,2015,2015-08-12T12:02:00Z,B,8,Fall,1,1,Open,1,135,NA,NA,2008-12-20,355,2008,1,-1,-5,0.9789707510844392,NA,NA
3D9.1C2DEAFDF7,TRUE,FALSE,FALSE,2016-05-23T21:02:00Z,NA,FALSE,2015,2015-10-10T06:26:00Z,B,10,Fall,1,0,Open,1,171,538,NA,2010-10-20,293,2010,3,1,-3,0.9714323034484804,0.9912019590242984,NA
3D9.1C2DEB27EF,FALSE,TRUE,FALSE,2016-04-18T10:47:00Z,NA,FALSE,2015,2015-11-04T11:58:00Z,A,11,Fall,0,1,Open,1,396,1270,NA,2011-04-20,110,2011,4,2,-2,0.9392144580127892,0.49919757117883673,NA
3D9.1C2DEB40EF,FALSE,TRUE,FALSE,2016-04-01T00:23:00Z,NA,FALSE,2015,2015-09-23T14:03:00Z,A,9,Fall,0,1,Open,1,80.8,239,236,2015-09-23,266,2015,8,6,2,0.7740120007192031,0.991938827102649,0.9971403886869784
3D9.1C2DEB626F,TRUE,TRUE,FALSE,2017-03-23T21:19:00Z,NA,FALSE,2016,2016-08-21T09:15:00Z,B,8,Fall,1,1,Closed,0,163,465,253,2016-08-21,234,2016,9,7,3,0.782578734570608,0.919182745799328,0.864764476381551
3D9.1C2DEB7ACE,FALSE,TRUE,FALSE,2017-05-22T22:41:00Z,NA,FALSE,2016,2016-09-15T15:03:00Z,A,9,Fall,0,1,Closed,0,107,353,325,2016-09-15,259,2016,9,7,3,0.565593542281843,0.989956747758886,0.9949335472362444
3D9.1C2DEB8AD9,TRUE,TRUE,FALSE,2017-04-29T01:26:00Z,NA,FALSE,2016,2016-08-17T21:35:00Z,B,8,Fall,1,1,Closed,0,170,520,252,2016-08-17,230,2016,9,7,3,0.8038962803776094,0.8781058806380247,0.7876835289459699
3D9.1C2DEB9E0D,FALSE,TRUE,FALSE,2015-11-20T08:08:00Z,NA,FALSE,2015,2015-09-24T05:32:00Z,A,9,Fall,0,1,Open,1,79.1,242,236,2015-09-24,267,2015,8,6,2,0.7765021787439794,0.9919363971795688,0.9971438416482126
3D9.1C2DEB9E13,TRUE,FALSE,TRUE,2017-05-13T16:46:00Z,2017-03-30T14:40:00Z,FALSE,2016,2016-09-14T09:59:00Z,B,9,Fall,1,0,Closed,0,110,358,356,2016-09-14,258,2016,9,7,3,0.5700686734754401,0.9895792094512368,0.9945022036114796
3D9.1C2DEBCE89,FALSE,TRUE,FALSE,2016-03-02T23:44:00Z,NA,FALSE,2015,2015-11-13T15:13:00Z,A,11,Fall,0,1,Open,1,271,387,459,2015-11-13,317,2015,8,6,2,0.9381189925093798,0.9417393464457452,0.9962031061750568
3D9.1C2DEBD1D8,TRUE,FALSE,FALSE,2016-08-04T07:32:00Z,NA,FALSE,2016,2016-08-02T07:44:00Z,B,8,Fall,1,0,Closed,0,259,875,1470,2016-08-02,215,2016,9,7,3,0.8745087271660772,0.8125670267295921,0.25400186513863393
3D9.1C2DEBEC27,FALSE,TRUE,FALSE,2016-05-25T10:44:00Z,NA,FALSE,2015,2015-09-25T06:15:00Z,A,9,Fall,0,1,Open,1,78.8,240,237,2015-09-25,268,2015,8,6,2,0.7795432890679092,0.99190223364457,0.9971212123620328
3D9.1C2DEC94F8,TRUE,TRUE,FALSE,2016-04-24T16:26:00Z,NA,FALSE,2015,2015-09-04T14:38:00Z,B,9,Fall,1,1,Open,1,380,1090,NA,2009-04-20,110,2009,2,0,-4,0.970414624961218,0.5046036719463945,NA
3D9.1C2DECA546,TRUE,FALSE,FALSE,2015-08-17T09:58:00Z,NA,FALSE,2015,2015-08-14T10:13:00Z,B,8,Fall,1,0,Open,1,99.7,268,233,2015-08-14,226,2015,8,6,2,0.9219118812242596,0.8359710028377593,0.7504618639232298
3D9.1C2DEDBED4,FALSE,TRUE,FALSE,2016-03-24T05:26:00Z,NA,FALSE,2015,2015-08-26T13:45:00Z,A,8,Fall,0,1,Open,1,83.7,239,218,2015-08-26,238,2015,8,6,2,0.8898036636704305,0.9518147840096356,0.9387423191179264
3D9.1C2DEE7D1C,TRUE,TRUE,FALSE,2016-03-29T09:32:00Z,NA,FALSE,2015,2015-08-28T15:54:00Z,B,8,Fall,1,1,Open,1,84.5,237,238,2015-08-28,240,2015,8,6,2,0.8803241223877221,0.9609622458367184,0.954380911324272
3D9.239F864DEC,FALSE,TRUE,TRUE,2017-04-02T07:53:00Z,2016-10-19T21:18:00Z,FALSE,2016,2016-08-07T12:30:00Z,A,8,Fall,0,1,Closed,0,377,NA,NA,2008-07-20,202,2008,1,-1,-5,0.9725607942873692,NA,NA
3D9.239F865504,FALSE,TRUE,FALSE,2016-04-17T18:06:00Z,NA,FALSE,2015,2015-09-26T00:50:00Z,A,9,Fall,0,1,Open,1,80,244,238,2015-09-26,269,2015,8,6,2,0.7830850323073146,0.9918372674422582,0.9970737735701622
3DD.003DE85D03,FALSE,TRUE,FALSE,2026-04-05T01:23:00Z,NA,FALSE,2025,2025-08-04T16:35:00Z,A,8,Fall,0,1,Open,1,121,422,419,2025-08-04,216,2025,18,16,12,0.5376515766403416,0.6918022558860979,0.6592189073317775
3DD.007736FCB6,TRUE,FALSE,FALSE,2024-09-06T09:49:00Z,NA,FALSE,2024,2024-09-03T16:01:00Z,B,9,Fall,1,0,Open,1,171,407,NA,2009-03-21,80,2009,2,0,-4,0.991126652985138,0.7797654964087132,NA
3DD.007736FF2C,TRUE,FALSE,FALSE,2025-01-20T17:12:00Z,NA,FALSE,2024,2024-09-21T18:55:00Z,B,9,Fall,1,0,Open,1,68.4,310,312,2024-09-21,265,2024,17,15,11,0.29986498961894004,0.9954047235188354,0.9987881907442469
3DD.0077371456,FALSE,FALSE,FALSE,2023-09-21T11:26:00Z,NA,FALSE,2023,2023-09-21T11:26:00Z,A,9,Fall,0,0,Closed,0,70.4,296,364,2023-09-21,264,2023,16,14,10,0.3994072972081935,0.99667903381154,0.998995828962682
3DD.0077373919,FALSE,TRUE,FALSE,2025-04-21T13:29:00Z,NA,FALSE,2024,2024-09-25T10:43:00Z,A,9,Fall,0,1,Open,1,65.9,296,305,2024-09-25,269,2024,17,15,11,0.31334399827096643,0.9953642797131104,0.9987734466071976
3DD.0077374B32,TRUE,TRUE,FALSE,2026-04-02T20:10:00Z,NA,FALSE,2025,2025-10-21T12:48:00Z,B,10,Fall,1,1,Open,1,89.1,349,364,2025-10-21,294,2025,18,16,12,0.4773727158189337,0.981921039822858,0.9939178468055302
3DD.00773750E1,TRUE,TRUE,FALSE,2026-04-08T00:14:00Z,NA,FALSE,2025,2025-08-31T19:39:00Z,B,8,Fall,1,1,Open,1,83.2,283,482,2025-08-31,243,2025,18,16,12,0.3817702829471896,0.9751230778272978,0.9827795255455958
3DD.0077375783,TRUE,FALSE,FALSE,2024-09-29T14:53:00Z,NA,FALSE,2024,2024-09-25T14:48:00Z,B,9,Fall,1,0,Open,1,65.9,296,305,2024-09-25,269,2024,17,15,11,0.31334399827096643,0.9953642797131104,0.9987734466071976
3DD.00773788E8,FALSE,TRUE,FALSE,2020-04-18T17:12:00Z,NA,FALSE,2019,2019-11-09T22:32:00Z,A,11,Fall,0,1,Closed,0,171,451,NA,2011-09-20,263,2011,4,2,-2,0.8878248792091961,0.9962434458063022,NA
3DD.00773852EC,FALSE,TRUE,FALSE,2025-11-16T20:18:00Z,NA,FALSE,2025,2025-08-20T08:55:00Z,A,8,Fall,0,1,Open,1,94,324,462,2025-08-20,232,2025,18,16,12,0.4989111978435096,0.9205689396037832,0.9155937057940008
3DD.0077385F74,FALSE,TRUE,FALSE,2019-04-11T18:24:00Z,NA,FALSE,2018,2018-09-08T11:34:00Z,A,9,Fall,0,1,Closed,0,117,436,NA,2009-08-20,232,2009,2,0,-4,0.9809073896858124,0.9575403160550688,NA
3DD.0077386A62,TRUE,TRUE,FALSE,2025-04-11T23:03:00Z,NA,FALSE,2024,2024-08-05T10:50:00Z,B,8,Fall,1,1,Open,1,2860,NA,NA,2008-05-21,142,2008,1,-1,-5,0.8483055088532411,NA,NA
3DD.0077387386,FALSE,TRUE,FALSE,2024-05-12T20:01:00Z,NA,FALSE,2023,2023-09-07T12:36:00Z,A,9,Fall,0,1,Closed,0,291,797,NA,2009-07-20,201,2009,2,0,-4,0.9767544491957384,0.6255624266252557,NA
3DD.0077576277,TRUE,FALSE,FALSE,2017-10-04T12:53:00Z,NA,FALSE,2017,2017-10-03T04:13:00Z,B,10,Fall,1,0,Closed,0,160,500,NA,2010-03-20,79,2010,3,1,-3,0.9880314569933488,0.7935537854836177,NA
3DD.007759D169,TRUE,TRUE,FALSE,2018-05-28T13:00:00Z,NA,FALSE,2017,2017-09-01T00:48:00Z,B,9,Fall,1,1,Closed,0,129,375,1010,2017-09-01,244,2017,10,8,4,0.7750509057168503,0.9399140977722276,0.45272850880781945
3DD.0077631B4A,FALSE,TRUE,FALSE,2019-04-05T00:01:00Z,NA,FALSE,2018,2018-08-08T09:39:00Z,A,8,Fall,0,1,Closed,0,175,NA,NA,2008-08-20,233,2008,1,-1,-5,0.9758979321261946,NA,NA
3DD.00776DF38F,FALSE,TRUE,FALSE,2018-04-20T17:40:00Z,NA,FALSE,2017,2017-10-12T07:30:00Z,A,10,Fall,0,1,Closed,0,221,526,NA,2010-12-20,354,2010,3,1,-3,0.977382028353324,0.9194822963318297,NA
3DD.00776F18C4,FALSE,TRUE,FALSE,2017-05-02T01:03:00Z,NA,FALSE,2016,2016-09-05T12:37:00Z,A,9,Fall,0,1,Closed,0,1520,5010,NA,2009-05-20,140,2009,2,0,-4,0.8745579574258405,0.4636693172048722,NA
3DD.0077746EFE,TRUE,FALSE,FALSE,2025-06-03T16:21:00Z,NA,FALSE,2024,2024-09-18T11:35:00Z,B,9,Fall,1,0,Open,1,71.9,324,314,2024-09-18,262,2024,17,15,11,0.2979192092060365,0.995228358855026,0.9986646481338416
3DD.0077752A1D,FALSE,TRUE,FALSE,2026-04-04T22:39:00Z,NA,FALSE,2025,2025-09-28T07:03:00Z,A,9,Fall,0,1,Open,1,64.1,261,451,2025-09-28,271,2025,18,16,12,0.26925629406106344,0.9927640298095116,0.9981827292255984
3DD.0077755804,TRUE,TRUE,FALSE,2022-05-25T12:36:00Z,NA,FALSE,2021,2021-07-15T12:30:00Z,B,7,Fall,1,1,Closed,0,320,857,272,2021-07-15,196,2021,14,12,8,0.7649809763394803,0.6277452874140739,0.4595399406595726
3DD.007775901E,TRUE,TRUE,FALSE,2026-04-07T18:52:00Z,NA,FALSE,2025,2025-09-29T13:42:00Z,B,9,Fall,1,1,Open,1,64.1,261,447,2025-09-29,272,2025,18,16,12,0.27498184981061247,0.992630269217504,0.9981126026887408
3DD.00777596D4,TRUE,TRUE,FALSE,2026-03-26T17:39:00Z,NA,FALSE,2025,2025-08-17T18:58:00Z,B,8,Fall,1,1,Open,1,140,341,468,2025-08-17,229,2025,18,16,12,0.5199384482324814,0.8917959174151022,0.8800188286973503
3DD.007775EFBB,FALSE,FALSE,FALSE,2025-10-10T05:58:00Z,NA,FALSE,2025,2025-10-10T05:58:00Z,A,10,Fall,0,0,Open,1,58.4,294,417,2025-10-10,283,2025,18,16,12,0.3679827398548241,0.9893258499988464,0.9963442548175352
3DD.007779F4BE,TRUE,FALSE,FALSE,2018-08-22T09:54:00Z,NA,FALSE,2018,2018-08-18T07:43:00Z,B,8,Fall,1,0,Closed,0,140,444,186,2018-08-18,230,2018,11,9,5,0.583320752836979,0.9048049196024662,0.7817937001359397
3DD.007779FC29,FALSE,TRUE,FALSE,2019-05-14T16:35:00Z,NA,FALSE,2018,2018-08-15T21:21:00Z,A,8,Fall,0,1,Closed,0,156,469,214,2018-08-15,227,2018,11,9,5,0.5991797964995725,0.8716759267815813,0.7123679165785083
3DD.00777A3546,FALSE,TRUE,FALSE,2019-04-05T00:12:00Z,NA,FALSE,2018,2018-09-25T08:04:00Z,A,9,Fall,0,1,Closed,0,98.2,364,384,2018-09-25,268,2018,11,9,5,0.3126804441952888,0.9932127067440576,0.9960788365590708
3DD.00777A3A32,FALSE,TRUE,FALSE,2026-03-14T07:18:00Z,NA,FALSE,2025,2025-09-20T01:44:00Z,A,9,Fall,0,1,Open,1,71.8,266,469,2025-09-20,263,2025,18,16,12,0.24562803741759529,0.9928708181012648,0.998207763265945
3DD.00777A41EA,TRUE,TRUE,FALSE,2019-03-30T22:54:00Z,NA,FALSE,2018,2018-08-10T04:56:00Z,B,8,Fall,1,1,Closed,0,120,NA,NA,2008-10-20,294,2008,1,-1,-5,0.9746410401305782,NA,NA
3DD.007780D354,FALSE,FALSE,FALSE,2024-09-16T11:22:00Z,NA,FALSE,2024,2024-09-16T11:22:00Z,A,9,Fall,0,0,Open,1,73.7,336,319,2024-09-16,260,2024,17,15,11,0.3010587314434907,0.994990649985864,0.9984982834660046
3DD.0077840F9D,TRUE,TRUE,FALSE,2020-03-21T01:30:00Z,NA,FALSE,2019,2019-09-11T06:24:00Z,B,9,Fall,1,1,Closed,0,183,521,NA,2009-11-20,324,2009,2,0,-4,0.9872574863670058,0.9644483054226988,NA
3DD.00778DDCFF,FALSE,TRUE,FALSE,2023-04-27T20:39:00Z,NA,FALSE,2022,2022-08-11T12:36:00Z,A,8,Fall,0,1,Closed,0,374,NA,NA,2008-11-20,325,2008,1,-1,-5,0.9843962618367664,NA,NA
3DD.00778E0685,TRUE,TRUE,FALSE,2020-05-02T11:06:00Z,NA,FALSE,2019,2019-08-26T16:17:00Z,B,8,Fall,1,1,Closed,0,97.5,302,257,2019-08-26,238,2019,12,10,6,0.617656786877374,0.97003664852094,0.9376654824578922
3DD.00778E5048,FALSE,TRUE,FALSE,2022-04-27T01:16:00Z,NA,FALSE,2022,2022-04-23T18:19:00Z,A,4,Spring,0,1,Closed,0,383,1130,257,2022-04-23,113,2022,15,13,9,0.6391059391506332,0.5558097941460336,0.4578308522107493
3DD.00778E52BD,FALSE,TRUE,FALSE,2023-04-30T16:26:00Z,NA,FALSE,2022,2022-07-23T15:43:00Z,A,7,Fall,0,1,Closed,0,566,1630,2310,2022-07-23,204,2022,15,13,9,0.7609632481097196,0.7148908476584024,0.6018903715922854
3DD.00778F3387,FALSE,TRUE,FALSE,2019-04-02T23:24:00Z,NA,FALSE,2018,2018-09-09T07:15:00Z,A,9,Fall,0,1,Closed,0,104,311,NA,2009-09-20,263,2009,2,0,-4,0.94382477385258845,0.9963235135042198,NA
3DD.00778F7049,TRUE,FALSE,FALSE,2019-07-17T14:01:00Z,NA,FALSE,2019,2019-07-15T14:57:00Z,B,7,Fall,1,0,Closed,0,259,829,264,2019-07-15,196,2019,12,10,6,0.5826856892781932,0.4961630714038117,0.27130611132984056
3DD.007790A633,FALSE,TRUE,FALSE,2019-05-24T06:57:00Z,NA,FALSE,2018,2018-08-01T19:06:00Z,A,8,Fall,0,1,Closed,0,140,NA,NA,2008-01-20,20,2008,1,-1,-5,0.7974186711836255,NA,NA
3DD.007790B469,FALSE,TRUE,FALSE,2020-03-31T20:59:00Z,NA,FALSE,2019,2019-07-14T11:38:00Z,A,7,Fall,0,1,Closed,0,270,873,308,2019-07-14,195,2019,12,10,6,0.5731319501172797,0.4871760710469589,0.26534356928547753
3DD.007790CB64,TRUE,FALSE,FALSE,2018-09-14T15:25:00Z,NA,FALSE,2018,2018-09-11T07:40:00Z,B,9,Fall,1,0,Closed,0,183,521,NA,2009-11-20,324,2009,2,0,-4,0.9872574863670058,0.9644483054226988,NA
3DD.007790D0B1,FALSE,TRUE,FALSE,2020-05-16T06:43:00Z,NA,FALSE,2019,2019-09-10T13:56:00Z,A,9,Fall,0,1,Closed,0,169,489,NA,2009-10-20,293,2009,2,0,-4,0.978485256349018,0.9910754460570308,NA
3DD.007790F4EF,FALSE,TRUE,FALSE,2019-05-20T22:57:00Z,NA,FALSE,2018,2018-10-10T08:14:00Z,A,10,Fall,0,1,Closed,0,171,538,NA,2010-10-20,293,2010,3,1,-3,0.9714323034484804,0.9912019590242984,NA
3DD.007790F511,FALSE,TRUE,FALSE,2017-11-03T20:38:00Z,NA,FALSE,2017,2017-10-18T14:51:00Z,A,10,Fall,0,1,Closed,0,105,395,317,2017-10-18,291,2017,10,8,4,0.5742235892099287,0.9812332018361938,0.985820737606824
3DD.007790FB83,FALSE,TRUE,FALSE,2020-04-09T22:59:00Z,NA,FALSE,2019,2019-10-08T01:48:00Z,A,10,Fall,0,1,Closed,0,246,653,NA,2010-08-20,232,2010,3,1,-3,0.9746278703578268,0.9581221298303896,NA
3DD.00779259AF,FALSE,FALSE,FALSE,2025-09-27T05:43:00Z,NA,FALSE,2025,2025-09-27T05:43:00Z,A,9,Fall,0,0,Open,1,62.9,258,454,2025-09-27,270,2025,18,16,12,0.2640978845005782,0.9928720588923412,0.9982388085047637
3DD.00779295C9,FALSE,TRUE,FALSE,2026-04-02T23:26:00Z,NA,FALSE,2025,2025-07-20T13:59:00Z,A,7,Fall,0,1,Open,1,186,496,418,2025-07-20,201,2025,18,16,12,0.4488272125541553,0.4619526004146225,0.437013339125261
3DD.007792DA1B,TRUE,FALSE,FALSE,2025-08-12T06:55:00Z,NA,FALSE,2025,2025-08-08T15:49:00Z,B,8,Fall,1,0,Open,1,114,393,472,2025-08-08,220,2025,18,16,12,0.5435731249236061,0.7619392220500469,0.7331526271706681
3DD.00779312C6,TRUE,TRUE,FALSE,2026-04-05T22:49:00Z,NA,FALSE,2025,2025-10-16T13:53:00Z,B,10,Fall,1,1,Open,1,69.2,326,359,2025-10-16,289,2025,18,16,12,0.4300002792528051,0.98584802275219,0.9948052608455216
3DD.0077A21C63,TRUE,TRUE,FALSE,2021-04-02T21:49:00Z,NA,FALSE,2020,2020-10-02T09:07:00Z,B,10,Fall,1,1,Closed,0,118,317,507,2020-10-02,276,2020,13,11,7,0.745550087687433,0.9537499000335352,0.8039141224129269
3DD.0077A25AF9,TRUE,TRUE,FALSE,2020-06-27T01:30:00Z,NA,FALSE,2019,2019-09-20T18:04:00Z,B,9,Fall,1,1,Closed,0,121,537,541,2019-09-20,263,2019,12,10,6,0.4015466358626952,0.9949442456695402,0.9968924593735812
3DD.0077A2A88D,FALSE,TRUE,FALSE,2021-06-09T20:03:00Z,NA,FALSE,2021,2021-04-07T10:55:00Z,A,4,Spring,0,1,Closed,0,456,1490,832,2021-04-07,97,2021,14,12,8,0.8716433809752708,0.6597203064760043,0.5626108414800473
3DD.0077A3B5D7,FALSE,TRUE,FALSE,2019-05-02T02:59:00Z,NA,FALSE,2018,2018-10-02T02:52:00Z,A,10,Fall,0,1,Closed,0,99.1,396,447,2018-10-02,275,2018,11,9,5,0.6779100644949659,0.9365055181025576,0.8514346462575223
3DD.0077A3BCF0,TRUE,TRUE,FALSE,2021-04-15T04:28:00Z,NA,FALSE,2020,2020-08-21T07:08:00Z,B,8,Fall,1,1,Closed,0,109,312,866,2020-08-21,234,2020,13,11,7,0.779344087899489,0.965917022574173,0.9262060317705184
3DD.0077A3F119,TRUE,FALSE,FALSE,2018-08-09T12:37:00Z,NA,FALSE,2018,2018-08-02T11:04:00Z,B,8,Fall,1,0,Closed,0,204,630,474,2018-08-02,214,2018,11,9,5,0.8560321655520855,0.8775267806381774,0.8291338484325788
3DD.0077A40C41,FALSE,TRUE,FALSE,2021-05-21T05:31:00Z,NA,FALSE,2020,2020-08-09T18:07:00Z,A,8,Fall,0,1,Closed,0,97,NA,NA,2008-09-20,264,2008,1,-1,-5,0.9321757538383424,NA,NA
3DD.0077A40D92,TRUE,TRUE,FALSE,2021-05-28T19:25:00Z,NA,FALSE,2020,2020-08-19T07:47:00Z,B,8,Fall,1,1,Closed,0,116,326,1090,2020-08-19,232,2020,13,11,7,0.7912839181348491,0.957526879214602,0.9046507635803084
3DD.0077A4B879,TRUE,TRUE,FALSE,2020-06-11T12:55:00Z,NA,FALSE,2019,2019-09-30T02:11:00Z,B,9,Fall,1,1,Closed,0,108,511,467,2019-09-30,273,2019,12,10,6,0.4464043558132744,0.9946598387854476,0.9965816225912726
3DD.0077A4C96B,TRUE,TRUE,FALSE,2021-05-02T01:28:00Z,NA,FALSE,2020,2020-07-14T05:36:00Z,B,7,Fall,1,1,Closed,0,355,1280,2400,2020-07-14,196,2020,13,11,7,0.7206731538127183,0.5754875800033132,0.3611795231591287
3DD.0077A4D19C,TRUE,FALSE,FALSE,2019-08-18T10:49:00Z,NA,FALSE,2019,2019-08-16T08:03:00Z,B,8,Fall,1,0,Closed,0,117,352,270,2019-08-16,228,2019,12,10,6,0.6952311317663312,0.9123695683864032,0.7888254698427987
3DD.0077A534EF,TRUE,TRUE,FALSE,2021-05-27T09:11:00Z,NA,FALSE,2020,2020-08-14T13:58:00Z,B,8,Fall,1,1,Closed,0,123,391,1240,2020-08-14,227,2020,13,11,7,0.8111569338892927,0.9276854596305448,0.8342650365452091
3DD.0077A55F0E,FALSE,TRUE,FALSE,2020-03-21T21:48:00Z,NA,FALSE,2019,2019-09-25T11:57:00Z,A,9,Fall,0,1,Closed,0,99.9,448,511,2019-09-25,268,2019,12,10,6,0.4143245860829444,0.9950434521604232,0.997067400812426
3DD.0077AA9649,FALSE,TRUE,FALSE,2020-05-08T04:02:00Z,NA,FALSE,2019,2019-09-28T17:06:00Z,A,9,Fall,0,1,Closed,0,106,468,501,2019-09-28,271,2019,12,10,6,0.4315924835847019,0.9948683548068444,0.9968491111042492
3DD.0077AAC35A,TRUE,FALSE,FALSE,2020-09-15T06:48:00Z,NA,FALSE,2020,2020-09-07T08:32:00Z,B,9,Fall,1,0,Closed,0,291,797,NA,2009-07-20,201,2009,2,0,-4,0.9767544491957384,0.6255624266252557,NA
3DD.0077AAF5DF,TRUE,TRUE,FALSE,2020-06-20T14:28:00Z,NA,FALSE,2019,2019-08-30T17:25:00Z,B,8,Fall,1,1,Closed,0,85.2,283,374,2019-08-30,242,2019,12,10,6,0.5719594978868787,0.9803688778061886,0.9656430984446492
3DD.0077AB1198,TRUE,TRUE,TRUE,2021-04-18T18:00:00Z,2020-10-18T20:01:00Z,FALSE,2020,2020-09-26T14:39:00Z,B,9,Fall,1,1,Closed,0,225,320,784,2020-09-26,270,2020,13,11,7,0.577436776274786,0.9963229452054804,0.9979869191888346
3DD.0077AB131C,FALSE,TRUE,FALSE,2021-04-14T03:30:00Z,NA,FALSE,2020,2020-08-26T12:54:00Z,A,8,Fall,0,1,Closed,0,96.2,296,776,2020-08-26,239,2020,13,11,7,0.74030116036764,0.9803098066401568,0.9638656549476756
3DD.0078C59233,TRUE,FALSE,FALSE,2025-08-26T10:11:00Z,NA,FALSE,2025,2025-08-24T16:12:00Z,B,8,Fall,1,0,Open,1,86.8,288,461,2025-08-24,236,2025,18,16,12,0.4611844660118076,0.9481768084805186,0.9506333435719684
3DD.0078C59572,TRUE,FALSE,FALSE,2025-12-21T11:43:00Z,NA,FALSE,2025,2025-08-17T18:34:00Z,B,8,Fall,1,0,Open,1,140,341,468,2025-08-17,229,2025,18,16,12,0.5199384482324814,0.8917959174151022,0.8800188286973503
3DD.0078C595BF,TRUE,TRUE,FALSE,2026-03-18T15:24:00Z,NA,FALSE,2025,2025-08-20T15:07:00Z,B,8,Fall,1,1,Open,1,94,324,462,2025-08-20,232,2025,18,16,12,0.4989111978435096,0.9205689396037832,0.9155937057940008
3DD.0078C5AC85,FALSE,FALSE,FALSE,2025-10-04T15:57:00Z,NA,FALSE,2025,2025-10-04T15:57:00Z,A,10,Fall,0,0,Open,1,63.6,297,435,2025-10-04,277,2025,18,16,12,0.3113307812965479,0.9915655917125236,0.9975414541135896
3DD.0078C5AC94,FALSE,TRUE,FALSE,2026-03-28T22:37:00Z,NA,FALSE,2025,2025-09-01T13:31:00Z,A,9,Fall,0,1,Open,1,77.7,277,479,2025-09-01,244,2025,18,16,12,0.3702995454696587,0.977462797363126,0.9852262424239108
3DD.0078C5B24E,FALSE,TRUE,FALSE,2026-03-17T22:40:00Z,NA,FALSE,2025,2025-10-23T19:21:00Z,A,10,Fall,0,1,Open,1,79.4,342,364,2025-10-23,296,2025,18,16,12,0.49424439470538706,0.9800929865511614,0.9938496172400042
3DD.0078C5B25B,TRUE,FALSE,FALSE,2026-04-02T10:52:00Z,NA,FALSE,2025,2025-09-26T06:39:00Z,B,9,Fall,1,0,Open,1,62.2,260,455,2025-09-26,269,2025,18,16,12,0.2595268240323484,0.9929542859459184,0.998280881414372
3DD.0078C5B749,FALSE,TRUE,FALSE,2026-04-05T11:49:00Z,NA,FALSE,2025,2025-09-16T08:47:00Z,A,9,Fall,0,1,Open,1,77.8,282,480,2025-09-16,259,2025,18,16,12,0.2512321175193021,0.9921422462130216,0.9977359728138776
3DD.0078C5B87A,TRUE,FALSE,FALSE,2025-08-03T20:34:00Z,NA,FALSE,2025,2025-08-02T07:35:00Z,B,8,Fall,1,0,Open,1,143,400,421,2025-08-02,214,2025,18,16,12,0.5314271158634909,0.6565332583007828,0.6230777908764158
3DD.0078C5B90B,FALSE,FALSE,FALSE,2025-11-01T14:56:00Z,NA,FALSE,2025,2025-11-01T14:56:00Z,A,11,Fall,0,0,Open,1,120,355,376,2025-11-01,305,2025,18,16,12,0.5544199668707032,0.9697736976459116,0.9952706862756588
