TagCode,wells_detected,entiat_detected,upstream_detected,last_overall,last_upstream,last_detected_upstream,ReturnYear,rrf_anchor,group,ReturnMonth,ReturnSeason,wells_interaction,EntiatDetected,Harvest_Status,harvest_open,WellsYear,FallSpillHours,FallTotalSpill,SpringSpillHours,SpringTotalSpill
384.3B239875C6,TRUE,TRUE,FALSE,2018-05-07T14:21:00Z,NA,FALSE,2017,2017-10-03T08:07:00Z,B,10,Fall,1,1,Closed,0,2017,523,4903.6,671,14036.5
384.3B23995DC4,TRUE,TRUE,FALSE,2017-05-02T21:32:00Z,NA,FALSE,2016,2016-08-03T13:37:00Z,B,8,Fall,1,1,Closed,0,2016,460,3623,330,17709.1
384.3B23AC6042,TRUE,TRUE,FALSE,2016-03-31T06:03:00Z,NA,FALSE,2015,2015-08-25T09:44:00Z,B,8,Fall,1,1,Open,1,2015,460,4097.5,15,165.1
384.3B23AC6E25,TRUE,TRUE,TRUE,2016-05-02T11:56:00Z,2015-09-14T15:48:00Z,FALSE,2015,2015-09-05T14:07:00Z,B,9,Fall,1,1,Open,1,2015,460,4097.5,15,165.1
384.3B23AC8F6F,TRUE,FALSE,FALSE,2016-08-21T10:21:00Z,NA,FALSE,2016,2016-08-07T08:38:00Z,B,8,Fall,1,0,Closed,0,2016,460,3623,330,17709.1
3D9.1BF1A7ADA9,TRUE,FALSE,FALSE,2007-11-17T01:51:00Z,NA,FALSE,2007,2007-09-29T14:25:00Z,B,9,Fall,1,0,Open,1,2007,655,4960.4,19,153.3
3D9.1BF1F8679B,TRUE,TRUE,FALSE,2008-04-29T02:41:00Z,NA,FALSE,2007,2007-09-25T14:02:00Z,B,9,Fall,1,1,Open,1,2007,655,4960.4,19,153.3
3D9.1BF201A1D0,TRUE,TRUE,FALSE,2009-04-17T21:58:00Z,NA,FALSE,2008,2008-09-04T10:22:00Z,B,9,Fall,1,1,Open,1,2008,644,5951,30,256.3
3D9.1BF201A551,TRUE,TRUE,FALSE,2008-04-13T21:20:00Z,NA,FALSE,2007,2007-08-20T07:59:00Z,B,8,Fall,1,1,Open,1,2007,655,4960.4,19,153.3
3D9.1BF201FC03,TRUE,TRUE,FALSE,2009-04-17T22:33:00Z,NA,FALSE,2008,2008-08-04T18:22:00Z,B,8,Fall,1,1,Open,1,2008,644,5951,30,256.3
3D9.1BF25E4AEE,TRUE,TRUE,TRUE,2010-04-11T21:09:00Z,2009-12-08T11:23:00Z,FALSE,2009,2009-09-29T08:31:00Z,B,9,Fall,1,1,Open,1,2009,626,3865.5,1,1.4
3D9.1BF25FEB8A,TRUE,TRUE,FALSE,2010-05-01T06:06:00Z,NA,FALSE,2009,2009-09-11T09:16:00Z,B,9,Fall,1,1,Open,1,2009,626,3865.5,1,1.4
3D9.1BF25FEF5C,TRUE,FALSE,FALSE,2010-05-03T14:38:00Z,NA,FALSE,2009,2009-09-16T12:35:00Z,B,9,Fall,1,0,Open,1,2010,626,3865.5,1,1.4
3D9.1BF26002A8,TRUE,FALSE,TRUE,2010-05-18T18:42:00Z,2010-04-10T19:52:00Z,FALSE,2009,2009-10-02T05:01:00Z,B,10,Fall,1,0,Open,1,2009,626,3865.5,1,1.4
3D9.1BF2604717,TRUE,FALSE,FALSE,2010-08-11T12:52:00Z,NA,FALSE,2010,2010-08-04T14:42:00Z,B,8,Fall,1,0,Open,1,2010,631,4091.1,146,1891.7
3D9.1BF26DBC89,TRUE,TRUE,FALSE,2010-05-07T14:10:00Z,NA,FALSE,2009,2009-10-03T11:19:00Z,B,10,Fall,1,1,Open,1,2009,626,3865.5,1,1.4
3D9.1C2C3232BC,TRUE,TRUE,FALSE,2010-05-24T20:48:00Z,NA,FALSE,2009,2009-10-20T13:45:00Z,B,10,Fall,1,1,Open,1,2009,626,3865.5,1,1.4
3D9.1C2C42959D,TRUE,TRUE,FALSE,2011-04-30T20:08:00Z,NA,FALSE,2010,2010-07-29T10:04:00Z,B,7,Fall,1,1,Open,1,2010,631,4091.1,146,1891.7
3D9.1C2C42A0CD,TRUE,TRUE,FALSE,2010-04-19T04:37:00Z,NA,FALSE,2009,2009-11-23T10:10:00Z,B,11,Fall,1,1,Open,1,2009,626,3865.5,1,1.4
3D9.1C2C42CD6A,TRUE,FALSE,TRUE,2010-06-14T16:06:00Z,2010-04-30T18:57:00Z,FALSE,2009,2009-09-08T17:27:00Z,B,9,Fall,1,0,Open,1,2009,626,3865.5,1,1.4
3D9.1C2C42DC73,TRUE,TRUE,FALSE,2010-05-12T00:22:00Z,NA,FALSE,2009,2009-09-07T11:36:00Z,B,9,Fall,1,1,Open,1,2009,626,3865.5,1,1.4
3D9.1C2C43577C,TRUE,TRUE,FALSE,2012-08-10T13:55:00Z,NA,FALSE,2010,2010-07-23T10:31:00Z,B,7,Fall,1,1,Open,1,2012,600,9666.8,72,1117.1
3D9.1C2C448869,TRUE,TRUE,FALSE,2011-03-23T01:08:00Z,NA,FALSE,2010,2010-08-07T15:31:00Z,B,8,Fall,1,1,Open,1,2010,631,4091.1,146,1891.7
3D9.1C2C44A0C0,TRUE,FALSE,TRUE,2010-05-20T13:12:00Z,2009-09-26T10:19:00Z,FALSE,2009,2009-08-06T17:11:00Z,B,8,Fall,1,0,Open,1,2009,626,3865.5,1,1.4
3D9.1C2C44AC6A,TRUE,FALSE,TRUE,2010-06-26T21:07:00Z,2010-03-30T21:07:00Z,FALSE,2009,2009-09-21T14:27:00Z,B,9,Fall,1,0,Open,1,2009,626,3865.5,1,1.4
3D9.1C2C44DEA6,TRUE,TRUE,TRUE,2011-05-06T08:15:00Z,2011-04-20T22:51:00Z,FALSE,2010,2010-09-21T08:21:00Z,B,9,Fall,1,1,Open,1,2010,631,4091.1,146,1891.7
3D9.1C2C454CF4,TRUE,FALSE,FALSE,2009-08-27T18:56:00Z,NA,FALSE,2009,2009-08-25T09:48:00Z,B,8,Fall,1,0,Open,1,2009,626,3865.5,1,1.4
3D9.1C2C467685,TRUE,TRUE,TRUE,2010-05-02T11:39:00Z,2009-10-07T22:54:00Z,FALSE,2009,2009-09-17T07:25:00Z,B,9,Fall,1,1,Open,1,2009,626,3865.5,1,1.4
3D9.1C2C472E3E,TRUE,FALSE,TRUE,2010-05-20T09:40:00Z,2010-04-14T02:22:00Z,FALSE,2009,2009-08-29T07:20:00Z,B,8,Fall,1,0,Open,1,2009,626,3865.5,1,1.4
3D9.1C2C47DD13,TRUE,TRUE,FALSE,2011-02-06T21:14:00Z,NA,FALSE,2010,2010-08-14T12:36:00Z,B,8,Fall,1,1,Open,1,2010,631,4091.1,146,1891.7
3D9.1C2C50C954,TRUE,FALSE,FALSE,2010-10-13T13:06:00Z,NA,FALSE,2010,2010-09-11T11:48:00Z,B,9,Fall,1,0,Open,1,NA,626,3865.5,1,1.4
3D9.1C2C50CC1F,TRUE,FALSE,FALSE,2010-09-07T21:19:00Z,NA,FALSE,2010,2010-08-26T15:49:00Z,B,8,Fall,1,0,Open,1,2010,631,4091.1,146,1891.7
3D9.1C2C50D574,TRUE,TRUE,FALSE,2011-08-15T03:10:00Z,NA,FALSE,2011,2011-07-31T13:25:00Z,B,7,Fall,1,1,Open,1,2011,634,6876.1,143,2877.1
3D9.1C2C50D910,TRUE,TRUE,FALSE,2010-04-20T16:14:00Z,NA,FALSE,2009,2009-10-27T11:56:00Z,B,10,Fall,1,1,Open,1,2009,626,3865.5,1,1.4
3D9.1C2C50D999,TRUE,TRUE,FALSE,2010-04-17T23:29:00Z,NA,FALSE,2009,2009-09-05T16:56:00Z,B,9,Fall,1,1,Open,1,2009,626,3865.5,1,1.4
3D9.1C2C50DE54,TRUE,TRUE,TRUE,2011-04-24T04:07:00Z,2010-10-03T00:35:00Z,FALSE,2010,2010-07-03T14:24:00Z,B,7,Fall,1,1,Open,1,2010,631,4091.1,146,1891.7
3D9.1C2C50DE70,TRUE,FALSE,FALSE,2009-09-26T16:55:00Z,NA,FALSE,2009,2009-09-23T15:42:00Z,B,9,Fall,1,0,Open,1,2009,626,3865.5,1,1.4
3D9.1C2C50E3FD,TRUE,TRUE,FALSE,2010-04-22T19:16:00Z,NA,FALSE,2009,2009-08-30T13:46:00Z,B,8,Fall,1,1,Open,1,2009,626,3865.5,1,1.4
3D9.1C2C50E5B3,TRUE,TRUE,FALSE,2010-06-24T05:19:00Z,NA,FALSE,2009,2009-08-27T18:04:00Z,B,8,Fall,1,1,Open,1,2009,626,3865.5,1,1.4
3D9.1C2C50EBCA,TRUE,TRUE,TRUE,2010-04-16T21:21:00Z,2010-04-09T21:06:00Z,FALSE,2009,2009-08-19T13:29:00Z,B,8,Fall,1,1,Open,1,2009,626,3865.5,1,1.4
3D9.1C2C5103FF,TRUE,TRUE,FALSE,2012-04-12T00:01:00Z,NA,FALSE,2011,2011-08-23T21:27:00Z,B,8,Fall,1,1,Open,1,2011,634,6876.1,143,2877.1
3D9.1C2C516FC1,TRUE,TRUE,FALSE,2010-04-18T00:10:00Z,NA,FALSE,2009,2009-10-12T10:10:00Z,B,10,Fall,1,1,Open,1,2009,626,3865.5,1,1.4
3D9.1C2C517149,TRUE,TRUE,FALSE,2010-04-18T16:35:00Z,NA,FALSE,2009,2009-08-07T16:03:00Z,B,8,Fall,1,1,Open,1,2009,626,3865.5,1,1.4
3D9.1C2C518264,TRUE,TRUE,FALSE,2011-04-06T22:33:00Z,NA,FALSE,2010,2010-07-14T16:29:00Z,B,7,Fall,1,1,Open,1,2010,631,4091.1,146,1891.7
3D9.1C2C51CD86,TRUE,TRUE,TRUE,2010-05-07T14:36:00Z,2009-09-30T16:48:00Z,FALSE,2009,2009-07-23T15:20:00Z,B,7,Fall,1,1,Open,1,2009,626,3865.5,1,1.4
3D9.1C2CBC39D4,TRUE,FALSE,FALSE,2012-08-05T16:41:00Z,NA,FALSE,2012,2012-08-02T15:11:00Z,B,8,Fall,1,0,Open,1,2012,600,9666.8,72,1117.1
3D9.1C2CBC3F49,TRUE,TRUE,FALSE,2013-05-02T15:14:00Z,NA,FALSE,2012,2012-10-17T16:20:00Z,B,10,Fall,1,1,Open,1,2012,600,9666.8,72,1117.1
3D9.1C2CBC4476,TRUE,FALSE,FALSE,2012-09-08T15:11:00Z,NA,FALSE,2012,2012-08-18T15:36:00Z,B,8,Fall,1,0,Open,1,2012,600,9666.8,72,1117.1
3D9.1C2CBC473F,TRUE,FALSE,FALSE,2011-09-02T17:55:00Z,NA,FALSE,2011,2011-08-30T14:23:00Z,B,8,Fall,1,0,Open,1,2011,634,6876.1,143,2877.1
3D9.1C2CCD6A98,TRUE,TRUE,FALSE,2012-03-29T21:59:00Z,NA,FALSE,2011,2011-09-28T11:10:00Z,B,9,Fall,1,1,Open,1,2011,634,6876.1,143,2877.1
3D9.1C2CCD6F15,TRUE,TRUE,FALSE,2011-04-27T02:48:00Z,NA,FALSE,2010,2010-08-24T12:17:00Z,B,8,Fall,1,1,Open,1,2010,631,4091.1,146,1891.7
3D9.1C2CCD70E3,TRUE,FALSE,TRUE,2011-05-14T09:03:00Z,2011-03-31T02:17:00Z,FALSE,2010,2010-08-21T09:55:00Z,B,8,Fall,1,0,Open,1,2010,631,4091.1,146,1891.7
3D9.1C2CCD7188,TRUE,TRUE,TRUE,2012-04-19T11:44:00Z,2011-09-30T23:27:00Z,FALSE,2011,2011-08-17T14:12:00Z,B,8,Fall,1,1,Open,1,2011,634,6876.1,143,2877.1
3D9.1C2CCDA88C,TRUE,TRUE,FALSE,2013-09-09T01:39:00Z,NA,FALSE,2011,2011-08-31T07:31:00Z,B,8,Fall,1,1,Open,1,2011,634,6876.1,143,2877.1
3D9.1C2CCDE611,TRUE,TRUE,FALSE,2012-05-09T18:28:00Z,NA,FALSE,2011,2011-09-17T13:02:00Z,B,9,Fall,1,1,Open,1,2011,634,6876.1,143,2877.1
3D9.1C2CDB3D85,TRUE,TRUE,FALSE,2012-04-25T14:15:00Z,NA,FALSE,2011,2011-09-09T11:46:00Z,B,9,Fall,1,1,Open,1,2011,634,6876.1,143,2877.1
3D9.1C2CDD6C78,TRUE,FALSE,FALSE,2011-09-17T12:09:00Z,NA,FALSE,2011,2011-09-08T13:13:00Z,B,9,Fall,1,0,Open,1,2011,634,6876.1,143,2877.1
3D9.1C2CDD6F5C,TRUE,FALSE,FALSE,2010-08-18T14:33:00Z,NA,FALSE,2010,2010-08-06T17:29:00Z,B,8,Fall,1,0,Open,1,2010,631,4091.1,146,1891.7
3D9.1C2CDD756D,TRUE,TRUE,FALSE,2012-04-13T13:20:00Z,NA,FALSE,2011,2011-08-25T15:16:00Z,B,8,Fall,1,1,Open,1,2011,634,6876.1,143,2877.1
3D9.1C2CDD7EFF,TRUE,TRUE,FALSE,2011-04-25T22:03:00Z,NA,FALSE,2010,2010-08-24T19:09:00Z,B,8,Fall,1,1,Open,1,2010,631,4091.1,146,1891.7
3D9.1C2D0807BE,TRUE,TRUE,FALSE,2013-04-17T15:03:00Z,NA,FALSE,2012,2012-09-09T15:52:00Z,B,9,Fall,1,1,Open,1,2012,600,9666.8,72,1117.1
3D9.1C2D0A1AD5,TRUE,FALSE,FALSE,2011-07-28T19:29:00Z,NA,FALSE,2011,2011-07-27T08:44:00Z,B,7,Fall,1,0,Open,1,2011,634,6876.1,143,2877.1
3D9.1C2D0CD4F2,TRUE,TRUE,FALSE,2014-04-07T00:31:00Z,NA,FALSE,2013,2013-09-15T15:00:00Z,B,9,Fall,1,1,Open,1,NA,465,4206.5,189,2903
3D9.1C2D1004F7,TRUE,FALSE,FALSE,2012-08-09T08:42:00Z,NA,FALSE,2012,2012-08-02T08:41:00Z,B,8,Fall,1,0,Open,1,2012,600,9666.8,72,1117.1
3D9.1C2D10B1BF,TRUE,TRUE,FALSE,2012-05-13T20:57:00Z,NA,FALSE,2011,2011-09-01T15:11:00Z,B,9,Fall,1,1,Open,1,2011,634,6876.1,143,2877.1
3D9.1C2D10C675,TRUE,TRUE,FALSE,2013-05-11T09:11:00Z,NA,FALSE,2012,2012-08-13T12:11:00Z,B,8,Fall,1,1,Open,1,2012,600,9666.8,72,1117.1
3D9.1C2D10F371,TRUE,TRUE,FALSE,2013-04-09T10:25:00Z,NA,FALSE,2012,2012-10-02T15:05:00Z,B,10,Fall,1,1,Open,1,2012,600,9666.8,72,1117.1
3D9.1C2D10FC24,TRUE,TRUE,FALSE,2012-04-22T16:20:00Z,NA,FALSE,2011,2011-08-14T01:18:00Z,B,8,Fall,1,1,Open,1,2011,634,6876.1,143,2877.1
3D9.1C2D112AF0,TRUE,FALSE,FALSE,2011-08-12T23:56:00Z,NA,FALSE,2011,2011-08-11T11:56:00Z,B,8,Fall,1,0,Open,1,2011,634,6876.1,143,2877.1
3D9.1C2D112CEB,TRUE,TRUE,FALSE,2012-04-22T15:08:00Z,NA,FALSE,2011,2011-08-20T13:15:00Z,B,8,Fall,1,1,Open,1,2011,634,6876.1,143,2877.1
3D9.1C2D11440A,TRUE,FALSE,FALSE,2012-10-13T17:44:00Z,NA,FALSE,2012,2012-09-29T14:55:00Z,B,9,Fall,1,0,Open,1,2012,600,9666.8,72,1117.1
3D9.1C2D114A68,TRUE,TRUE,TRUE,2012-05-20T14:04:00Z,2011-09-30T22:42:00Z,FALSE,2011,2011-08-22T11:04:00Z,B,8,Fall,1,1,Open,1,2011,634,6876.1,143,2877.1
3D9.1C2D125685,TRUE,TRUE,TRUE,2014-04-26T15:21:00Z,2013-09-30T13:54:00Z,FALSE,2013,2013-09-10T23:10:00Z,B,9,Fall,1,1,Open,1,2013,465,4206.5,189,2903
3D9.1C2D125BF9,TRUE,TRUE,TRUE,2014-04-29T13:44:00Z,2013-10-17T18:23:00Z,FALSE,2013,2013-08-25T12:59:00Z,B,8,Fall,1,1,Open,1,2013,465,4206.5,189,2903
3D9.1C2D127644,TRUE,FALSE,FALSE,2014-09-26T14:28:00Z,NA,FALSE,2014,2014-09-20T09:52:00Z,B,9,Fall,1,0,Open,1,2014,460,4187,285,4605.9
3D9.1C2D45A35A,TRUE,TRUE,FALSE,2014-05-01T18:21:00Z,NA,FALSE,2013,2013-08-14T08:40:00Z,B,8,Fall,1,1,Open,1,2013,465,4206.5,189,2903
3D9.1C2D45D3BC,TRUE,TRUE,FALSE,2014-04-06T04:53:00Z,NA,FALSE,2013,2013-08-29T10:07:00Z,B,8,Fall,1,1,Open,1,NA,465,4206.5,189,2903
3D9.1C2D468254,TRUE,TRUE,FALSE,2014-11-03T17:33:00Z,NA,FALSE,2014,2014-07-25T18:59:00Z,B,7,Fall,1,1,Open,1,2014,460,4187,285,4605.9
3D9.1C2D6FDC92,TRUE,TRUE,FALSE,2016-04-21T14:11:00Z,NA,FALSE,2015,2015-09-24T07:58:00Z,B,9,Fall,1,1,Open,1,2015,460,4097.5,15,165.1
3D9.1C2D6FF6A1,TRUE,FALSE,FALSE,2015-10-03T11:03:00Z,NA,FALSE,2015,2015-09-19T08:59:00Z,B,9,Fall,1,0,Open,1,2015,460,4097.5,15,165.1
3D9.1C2D6FF6D8,TRUE,TRUE,FALSE,2017-04-29T18:46:00Z,NA,FALSE,2016,2016-08-16T16:07:00Z,B,8,Fall,1,1,Closed,0,2016,460,3623,330,17709.1
3D9.1C2D6FFE83,TRUE,TRUE,FALSE,2016-04-07T17:16:00Z,NA,FALSE,2015,2015-09-03T13:09:00Z,B,9,Fall,1,1,Open,1,2015,460,4097.5,15,165.1
3D9.1C2D76E336,TRUE,TRUE,FALSE,2016-04-03T21:46:00Z,NA,FALSE,2015,2015-08-19T09:36:00Z,B,8,Fall,1,1,Open,1,2015,460,4097.5,15,165.1
3D9.1C2D778E8A,TRUE,TRUE,FALSE,2014-05-04T14:34:00Z,NA,FALSE,2013,2013-10-08T14:46:00Z,B,10,Fall,1,1,Open,1,2013,465,4206.5,189,2903
3D9.1C2D9188B0,TRUE,TRUE,FALSE,2013-04-13T16:06:00Z,NA,FALSE,2012,2012-08-13T08:09:00Z,B,8,Fall,1,1,Open,1,2012,600,9666.8,72,1117.1
3D9.1C2D91FF33,TRUE,FALSE,FALSE,2015-08-18T10:06:00Z,NA,FALSE,2015,2015-08-12T06:34:00Z,B,8,Fall,1,0,Open,1,2015,460,4097.5,15,165.1
3D9.1C2D9207E9,TRUE,FALSE,FALSE,2014-08-17T12:14:00Z,NA,FALSE,2014,2014-08-12T08:24:00Z,B,8,Fall,1,0,Open,1,2014,460,4187,285,4605.9
3D9.1C2D920C3E,TRUE,FALSE,FALSE,2014-10-11T07:20:00Z,NA,FALSE,2014,2014-09-27T09:38:00Z,B,9,Fall,1,0,Open,1,2014,460,4187,285,4605.9
3D9.1C2D926486,TRUE,TRUE,FALSE,2014-06-19T17:04:00Z,NA,FALSE,2013,2013-08-23T12:54:00Z,B,8,Fall,1,1,Open,1,2013,465,4206.5,189,2903
3D9.1C2D927CB3,TRUE,TRUE,TRUE,2014-04-10T01:25:00Z,2013-10-31T00:39:00Z,FALSE,2013,2013-09-21T08:28:00Z,B,9,Fall,1,1,Open,1,2013,465,4206.5,189,2903
3D9.1C2D928486,TRUE,FALSE,FALSE,2014-08-20T11:49:00Z,NA,FALSE,2014,2014-08-13T16:00:00Z,B,8,Fall,1,0,Open,1,2014,460,4187,285,4605.9
3D9.1C2D928A8E,TRUE,TRUE,TRUE,2016-05-29T15:23:00Z,2016-03-02T22:38:00Z,FALSE,2015,2015-09-15T11:51:00Z,B,9,Fall,1,1,Open,1,2015,460,4097.5,15,165.1
3D9.1C2D92A08C,TRUE,TRUE,FALSE,2014-05-17T22:01:00Z,NA,FALSE,2013,2013-08-14T06:42:00Z,B,8,Fall,1,1,Open,1,2013,465,4206.5,189,2903
3D9.1C2D92CE2F,TRUE,TRUE,FALSE,2015-05-08T18:21:00Z,NA,FALSE,2014,2014-08-09T14:18:00Z,B,8,Fall,1,1,Open,1,2014,460,4187,285,4605.9
3D9.1C2D92DABB,TRUE,TRUE,TRUE,2015-03-22T13:13:00Z,2014-10-06T16:08:00Z,FALSE,2014,2014-09-17T07:37:00Z,B,9,Fall,1,1,Open,1,2014,460,4187,285,4605.9
3D9.1C2D9303CC,TRUE,TRUE,TRUE,2015-03-10T20:16:00Z,2013-09-05T07:26:00Z,FALSE,2013,2013-08-25T16:48:00Z,B,8,Fall,1,1,Open,1,2013,465,4206.5,189,2903
3D9.1C2D9328F3,TRUE,TRUE,FALSE,2016-03-21T02:57:00Z,NA,FALSE,2015,2015-08-31T14:06:00Z,B,8,Fall,1,1,Open,1,NA,460,4097.5,15,165.1
3D9.1C2D932CD1,TRUE,FALSE,FALSE,2014-07-23T04:43:00Z,NA,FALSE,2014,2014-07-21T06:18:00Z,B,7,Fall,1,0,Open,1,2014,460,4187,285,4605.9
3D9.1C2D9349B5,TRUE,TRUE,FALSE,2015-05-13T07:44:00Z,NA,FALSE,2014,2014-08-03T05:23:00Z,B,8,Fall,1,1,Open,1,2014,460,4187,285,4605.9
3D9.1C2D9495B9,TRUE,TRUE,FALSE,2015-04-07T22:14:00Z,NA,FALSE,2014,2014-09-19T04:44:00Z,B,9,Fall,1,1,Open,1,2014,460,4187,285,4605.9
3D9.1C2D94B98C,TRUE,TRUE,FALSE,2015-04-09T22:36:00Z,NA,FALSE,2014,2014-09-19T07:41:00Z,B,9,Fall,1,1,Open,1,2014,460,4187,285,4605.9
3D9.1C2D96078C,TRUE,FALSE,FALSE,2014-08-20T13:27:00Z,NA,FALSE,2014,2014-08-18T07:29:00Z,B,8,Fall,1,0,Open,1,2014,460,4187,285,4605.9
3D9.1C2D98EDFE,TRUE,FALSE,FALSE,2015-08-19T10:45:00Z,NA,FALSE,2015,2015-08-16T16:36:00Z,B,8,Fall,1,0,Open,1,NA,460,4097.5,15,165.1
3D9.1C2D99DEAF,TRUE,TRUE,TRUE,2017-04-01T22:32:00Z,2016-10-17T11:35:00Z,FALSE,2016,2016-08-02T20:53:00Z,B,8,Fall,1,1,Closed,0,2016,460,3623,330,17709.1
3D9.1C2D9E8110,TRUE,FALSE,FALSE,2014-07-17T15:29:00Z,NA,FALSE,2014,2014-07-10T06:13:00Z,B,7,Fall,1,0,Open,1,2014,460,4187,285,4605.9
3D9.1C2D9EDD36,TRUE,TRUE,TRUE,2014-06-08T16:57:00Z,2014-04-12T10:03:00Z,FALSE,2013,2013-08-31T15:38:00Z,B,8,Fall,1,1,Open,1,2013,465,4206.5,189,2903
3D9.1C2D9EF5D0,TRUE,TRUE,FALSE,2014-04-18T16:58:00Z,NA,FALSE,2013,2013-09-26T08:45:00Z,B,9,Fall,1,1,Open,1,2013,465,4206.5,189,2903
3D9.1C2D9F0CEC,TRUE,FALSE,FALSE,2013-07-25T12:01:00Z,NA,FALSE,2013,2013-07-21T15:17:00Z,B,7,Fall,1,0,Open,1,2013,465,4206.5,189,2903
3D9.1C2D9F0CFB,TRUE,TRUE,FALSE,2014-04-24T11:39:00Z,NA,FALSE,2013,2013-08-28T08:25:00Z,B,8,Fall,1,1,Open,1,2013,465,4206.5,189,2903
3D9.1C2D9FD13B,TRUE,TRUE,FALSE,2017-04-10T20:01:00Z,NA,FALSE,2016,2016-08-18T13:45:00Z,B,8,Fall,1,1,Closed,0,2016,460,3623,330,17709.1
3D9.1C2D9FDE14,TRUE,TRUE,FALSE,2017-04-27T11:36:00Z,NA,FALSE,2016,2016-07-22T11:40:00Z,B,7,Fall,1,1,Closed,0,2016,460,3623,330,17709.1
3D9.1C2DD57BAA,TRUE,TRUE,TRUE,2017-04-13T14:21:00Z,2017-01-04T10:32:00Z,FALSE,2016,2016-09-08T01:43:00Z,B,9,Fall,1,1,Closed,0,2016,460,3623,330,17709.1
3D9.1C2DD6A680,TRUE,TRUE,TRUE,2015-03-18T11:28:00Z,2014-09-28T17:50:00Z,FALSE,2014,2014-07-13T13:28:00Z,B,7,Fall,1,1,Open,1,2014,460,4187,285,4605.9
3D9.1C2DD6D852,TRUE,TRUE,TRUE,2017-03-25T01:55:00Z,2016-10-18T14:04:00Z,FALSE,2016,2016-09-20T16:48:00Z,B,9,Fall,1,1,Closed,0,2016,460,3623,330,17709.1
3D9.1C2DD6F2D1,TRUE,TRUE,FALSE,2016-05-19T20:23:00Z,NA,FALSE,2015,2015-08-09T15:25:00Z,B,8,Fall,1,1,Open,1,2015,460,4097.5,15,165.1
3D9.1C2DD6F51A,TRUE,TRUE,FALSE,2016-05-30T19:35:00Z,NA,FALSE,2015,2015-07-06T14:40:00Z,B,7,Fall,1,1,Open,1,2015,460,4097.5,15,165.1
3D9.1C2DD731BF,TRUE,TRUE,TRUE,2015-05-21T04:27:00Z,2014-12-02T10:52:00Z,FALSE,2014,2014-10-02T11:41:00Z,B,10,Fall,1,1,Open,1,2014,460,4187,285,4605.9
3D9.1C2DD735C3,TRUE,TRUE,FALSE,2015-05-20T13:44:00Z,NA,FALSE,2014,2014-08-26T06:14:00Z,B,8,Fall,1,1,Open,1,2014,460,4187,285,4605.9
3D9.1C2DD750C8,TRUE,TRUE,TRUE,2014-04-12T15:52:00Z,2013-09-30T18:06:00Z,FALSE,2013,2013-09-06T08:21:00Z,B,9,Fall,1,1,Open,1,2013,465,4206.5,189,2903
3D9.1C2DD88BF0,TRUE,TRUE,FALSE,2016-03-16T02:53:00Z,NA,FALSE,2015,2015-09-19T15:58:00Z,B,9,Fall,1,1,Open,1,2015,460,4097.5,15,165.1
3D9.1C2DD95942,TRUE,TRUE,FALSE,2015-04-07T23:08:00Z,NA,FALSE,2014,2014-08-25T04:32:00Z,B,8,Fall,1,1,Open,1,2014,460,4187,285,4605.9
3D9.1C2DD9FE18,TRUE,TRUE,FALSE,2016-04-19T09:57:00Z,NA,FALSE,2015,2015-08-31T06:22:00Z,B,8,Fall,1,1,Open,1,2015,460,4097.5,15,165.1
3D9.1C2DDA0B75,TRUE,FALSE,FALSE,2016-06-15T22:27:00Z,NA,FALSE,2015,2015-08-20T09:18:00Z,B,8,Fall,1,0,Open,1,2015,460,4097.5,15,165.1
3D9.1C2DDA30C0,TRUE,TRUE,TRUE,2016-03-26T21:37:00Z,2016-03-13T14:04:00Z,FALSE,2015,2015-09-18T09:40:00Z,B,9,Fall,1,1,Open,1,2015,460,4097.5,15,165.1
3D9.1C2DDA355C,TRUE,TRUE,FALSE,2015-05-10T15:27:00Z,NA,FALSE,2014,2014-07-19T12:29:00Z,B,7,Fall,1,1,Open,1,2014,460,4187,285,4605.9
3D9.1C2DDA377B,TRUE,FALSE,FALSE,2014-08-24T17:19:00Z,NA,FALSE,2014,2014-08-21T20:11:00Z,B,8,Fall,1,0,Open,1,2014,460,4187,285,4605.9
3D9.1C2DDA7844,TRUE,TRUE,FALSE,2016-04-12T15:13:00Z,NA,FALSE,2015,2015-09-11T17:34:00Z,B,9,Fall,1,1,Open,1,2015,460,4097.5,15,165.1
3D9.1C2DDA86B3,TRUE,FALSE,FALSE,2015-08-17T10:28:00Z,NA,FALSE,2015,2015-08-15T15:49:00Z,B,8,Fall,1,0,Open,1,2015,460,4097.5,15,165.1
3D9.1C2DDAE3FC,TRUE,TRUE,FALSE,2014-11-06T12:58:00Z,NA,FALSE,2014,2014-08-26T16:47:00Z,B,8,Fall,1,1,Open,1,2014,460,4187,285,4605.9
3D9.1C2DDAFB7F,TRUE,TRUE,FALSE,2015-04-18T20:33:00Z,NA,FALSE,2014,2014-08-13T12:01:00Z,B,8,Fall,1,1,Open,1,2014,460,4187,285,4605.9
3D9.1C2DDB28A5,TRUE,FALSE,FALSE,2016-08-21T17:40:00Z,NA,FALSE,2016,2016-08-19T10:49:00Z,B,8,Fall,1,0,Closed,0,2016,460,3623,330,17709.1
3D9.1C2DDB54B2,TRUE,TRUE,FALSE,2016-03-13T09:44:00Z,NA,FALSE,2015,2015-09-06T06:30:00Z,B,9,Fall,1,1,Open,1,2015,460,4097.5,15,165.1
3D9.1C2DDB8BE6,TRUE,TRUE,FALSE,2016-03-21T20:55:00Z,NA,FALSE,2015,2015-09-17T11:34:00Z,B,9,Fall,1,1,Open,1,2015,460,4097.5,15,165.1
3D9.1C2DE50622,TRUE,TRUE,TRUE,2015-04-17T02:00:00Z,2015-03-15T10:06:00Z,FALSE,2014,2014-09-18T09:04:00Z,B,9,Fall,1,1,Open,1,2014,460,4187,285,4605.9
3D9.1C2DEA993C,TRUE,TRUE,FALSE,2017-04-01T23:23:00Z,NA,FALSE,2016,2016-09-25T17:30:00Z,B,9,Fall,1,1,Closed,0,2016,460,3623,330,17709.1
3D9.1C2DEABA1D,TRUE,TRUE,FALSE,2016-04-07T14:46:00Z,NA,FALSE,2015,2015-08-12T12:02:00Z,B,8,Fall,1,1,Open,1,2015,460,4097.5,15,165.1
3D9.1C2DEAFDF7,TRUE,FALSE,FALSE,2016-05-23T21:02:00Z,NA,FALSE,2015,2015-10-10T06:26:00Z,B,10,Fall,1,0,Open,1,2015,460,4097.5,15,165.1
3D9.1C2DEB626F,TRUE,TRUE,FALSE,2017-03-23T21:19:00Z,NA,FALSE,2016,2016-08-21T09:15:00Z,B,8,Fall,1,1,Closed,0,2016,460,3623,330,17709.1
3D9.1C2DEB8AD9,TRUE,TRUE,FALSE,2017-04-29T01:26:00Z,NA,FALSE,2016,2016-08-17T21:35:00Z,B,8,Fall,1,1,Closed,0,2016,460,3623,330,17709.1
3D9.1C2DEB9E13,TRUE,FALSE,TRUE,2017-05-13T16:46:00Z,2017-03-30T14:40:00Z,FALSE,2016,2016-09-14T09:59:00Z,B,9,Fall,1,0,Closed,0,2017,460,3623,330,17709.1
3D9.1C2DEBD1D8,TRUE,FALSE,FALSE,2016-08-04T07:32:00Z,NA,FALSE,2016,2016-08-02T07:44:00Z,B,8,Fall,1,0,Closed,0,2016,460,3623,330,17709.1
3D9.1C2DEC94F8,TRUE,TRUE,FALSE,2016-04-24T16:26:00Z,NA,FALSE,2015,2015-09-04T14:38:00Z,B,9,Fall,1,1,Open,1,2015,460,4097.5,15,165.1
3D9.1C2DECA546,TRUE,FALSE,FALSE,2015-08-17T09:58:00Z,NA,FALSE,2015,2015-08-14T10:13:00Z,B,8,Fall,1,0,Open,1,2015,460,4097.5,15,165.1
3D9.1C2DEE7D1C,TRUE,TRUE,FALSE,2016-03-29T09:32:00Z,NA,FALSE,2015,2015-08-28T15:54:00Z,B,8,Fall,1,1,Open,1,2015,460,4097.5,15,165.1
3DD.007736FCB6,TRUE,FALSE,FALSE,2024-09-06T09:49:00Z,NA,FALSE,2024,2024-09-03T16:01:00Z,B,9,Fall,1,0,Open,1,NA,47,697.3,26,306.4
3DD.007736FF2C,TRUE,FALSE,FALSE,2025-01-20T17:12:00Z,NA,FALSE,2024,2024-09-21T18:55:00Z,B,9,Fall,1,0,Open,1,NA,47,697.3,26,306.4
3DD.0077374B32,TRUE,TRUE,FALSE,2026-04-02T20:10:00Z,NA,FALSE,2025,2025-10-21T12:48:00Z,B,10,Fall,1,1,Open,1,NA,154,1423,58,793
3DD.00773750E1,TRUE,TRUE,FALSE,2026-04-08T00:14:00Z,NA,FALSE,2025,2025-08-31T19:39:00Z,B,8,Fall,1,1,Open,1,NA,154,1423,58,793
3DD.0077375783,TRUE,FALSE,FALSE,2024-09-29T14:53:00Z,NA,FALSE,2024,2024-09-25T14:48:00Z,B,9,Fall,1,0,Open,1,NA,47,697.3,26,306.4
3DD.0077386A62,TRUE,TRUE,FALSE,2025-04-11T23:03:00Z,NA,FALSE,2024,2024-08-05T10:50:00Z,B,8,Fall,1,1,Open,1,NA,47,697.3,26,306.4
3DD.0077576277,TRUE,FALSE,FALSE,2017-10-04T12:53:00Z,NA,FALSE,2017,2017-10-03T04:13:00Z,B,10,Fall,1,0,Closed,0,2017,523,4903.6,671,14036.5
3DD.007759D169,TRUE,TRUE,FALSE,2018-05-28T13:00:00Z,NA,FALSE,2017,2017-09-01T00:48:00Z,B,9,Fall,1,1,Closed,0,2017,523,4903.6,671,14036.5
3DD.0077746EFE,TRUE,FALSE,FALSE,2025-06-03T16:21:00Z,NA,FALSE,2024,2024-09-18T11:35:00Z,B,9,Fall,1,0,Open,1,NA,47,697.3,26,306.4
3DD.0077755804,TRUE,TRUE,FALSE,2022-05-25T12:36:00Z,NA,FALSE,2021,2021-07-15T12:30:00Z,B,7,Fall,1,1,Closed,0,2021,342,3912,346,7000.9
3DD.007775901E,TRUE,TRUE,FALSE,2026-04-07T18:52:00Z,NA,FALSE,2025,2025-09-29T13:42:00Z,B,9,Fall,1,1,Open,1,NA,154,1423,58,793
3DD.00777596D4,TRUE,TRUE,FALSE,2026-03-26T17:39:00Z,NA,FALSE,2025,2025-08-17T18:58:00Z,B,8,Fall,1,1,Open,1,NA,154,1423,58,793
3DD.007779F4BE,TRUE,FALSE,FALSE,2018-08-22T09:54:00Z,NA,FALSE,2018,2018-08-18T07:43:00Z,B,8,Fall,1,0,Closed,0,2018,574,8116.8,78,846.8
3DD.00777A41EA,TRUE,TRUE,FALSE,2019-03-30T22:54:00Z,NA,FALSE,2018,2018-08-10T04:56:00Z,B,8,Fall,1,1,Closed,0,2018,574,8116.8,78,846.8
3DD.0077840F9D,TRUE,TRUE,FALSE,2020-03-21T01:30:00Z,NA,FALSE,2019,2019-09-11T06:24:00Z,B,9,Fall,1,1,Closed,0,2019,527,5134,86,3546.5
3DD.00778E0685,TRUE,TRUE,FALSE,2020-05-02T11:06:00Z,NA,FALSE,2019,2019-08-26T16:17:00Z,B,8,Fall,1,1,Closed,0,2019,527,5134,86,3546.5
3DD.00778F7049,TRUE,FALSE,FALSE,2019-07-17T14:01:00Z,NA,FALSE,2019,2019-07-15T14:57:00Z,B,7,Fall,1,0,Closed,0,2019,527,5134,86,3546.5
3DD.007790CB64,TRUE,FALSE,FALSE,2018-09-14T15:25:00Z,NA,FALSE,2018,2018-09-11T07:40:00Z,B,9,Fall,1,0,Closed,0,2018,574,8116.8,78,846.8
3DD.007792DA1B,TRUE,FALSE,FALSE,2025-08-12T06:55:00Z,NA,FALSE,2025,2025-08-08T15:49:00Z,B,8,Fall,1,0,Open,1,NA,154,1423,58,793
3DD.00779312C6,TRUE,TRUE,FALSE,2026-04-05T22:49:00Z,NA,FALSE,2025,2025-10-16T13:53:00Z,B,10,Fall,1,1,Open,1,NA,154,1423,58,793
3DD.0077A21C63,TRUE,TRUE,FALSE,2021-04-02T21:49:00Z,NA,FALSE,2020,2020-10-02T09:07:00Z,B,10,Fall,1,1,Closed,0,2020,725,8756.2,161,2214.9
3DD.0077A25AF9,TRUE,TRUE,FALSE,2020-06-27T01:30:00Z,NA,FALSE,2019,2019-09-20T18:04:00Z,B,9,Fall,1,1,Closed,0,2019,527,5134,86,3546.5
3DD.0077A3BCF0,TRUE,TRUE,FALSE,2021-04-15T04:28:00Z,NA,FALSE,2020,2020-08-21T07:08:00Z,B,8,Fall,1,1,Closed,0,2020,725,8756.2,161,2214.9
3DD.0077A3F119,TRUE,FALSE,FALSE,2018-08-09T12:37:00Z,NA,FALSE,2018,2018-08-02T11:04:00Z,B,8,Fall,1,0,Closed,0,2018,574,8116.8,78,846.8
3DD.0077A40D92,TRUE,TRUE,FALSE,2021-05-28T19:25:00Z,NA,FALSE,2020,2020-08-19T07:47:00Z,B,8,Fall,1,1,Closed,0,2020,725,8756.2,161,2214.9
3DD.0077A4B879,TRUE,TRUE,FALSE,2020-06-11T12:55:00Z,NA,FALSE,2019,2019-09-30T02:11:00Z,B,9,Fall,1,1,Closed,0,2019,527,5134,86,3546.5
3DD.0077A4C96B,TRUE,TRUE,FALSE,2021-05-02T01:28:00Z,NA,FALSE,2020,2020-07-14T05:36:00Z,B,7,Fall,1,1,Closed,0,2020,725,8756.2,161,2214.9
3DD.0077A4D19C,TRUE,FALSE,FALSE,2019-08-18T10:49:00Z,NA,FALSE,2019,2019-08-16T08:03:00Z,B,8,Fall,1,0,Closed,0,2019,527,5134,86,3546.5
3DD.0077A534EF,TRUE,TRUE,FALSE,2021-05-27T09:11:00Z,NA,FALSE,2020,2020-08-14T13:58:00Z,B,8,Fall,1,1,Closed,0,2020,725,8756.2,161,2214.9
3DD.0077AAC35A,TRUE,FALSE,FALSE,2020-09-15T06:48:00Z,NA,FALSE,2020,2020-09-07T08:32:00Z,B,9,Fall,1,0,Closed,0,2020,725,8756.2,161,2214.9
3DD.0077AAF5DF,TRUE,TRUE,FALSE,2020-06-20T14:28:00Z,NA,FALSE,2019,2019-08-30T17:25:00Z,B,8,Fall,1,1,Closed,0,2019,527,5134,86,3546.5
3DD.0077AB1198,TRUE,TRUE,TRUE,2021-04-18T18:00:00Z,2020-10-18T20:01:00Z,FALSE,2020,2020-09-26T14:39:00Z,B,9,Fall,1,1,Closed,0,2020,725,8756.2,161,2214.9
3DD.0078C59233,TRUE,FALSE,FALSE,2025-08-26T10:11:00Z,NA,FALSE,2025,2025-08-24T16:12:00Z,B,8,Fall,1,0,Open,1,NA,154,1423,58,793
3DD.0078C59572,TRUE,FALSE,FALSE,2025-12-21T11:43:00Z,NA,FALSE,2025,2025-08-17T18:34:00Z,B,8,Fall,1,0,Open,1,NA,154,1423,58,793
3DD.0078C595BF,TRUE,TRUE,FALSE,2026-03-18T15:24:00Z,NA,FALSE,2025,2025-08-20T15:07:00Z,B,8,Fall,1,1,Open,1,NA,154,1423,58,793
3DD.0078C5B25B,TRUE,FALSE,FALSE,2026-04-02T10:52:00Z,NA,FALSE,2025,2025-09-26T06:39:00Z,B,9,Fall,1,0,Open,1,NA,154,1423,58,793
3DD.0078C5B87A,TRUE,FALSE,FALSE,2025-08-03T20:34:00Z,NA,FALSE,2025,2025-08-02T07:35:00Z,B,8,Fall,1,0,Open,1,NA,154,1423,58,793
